,Node,longitude,latitude,isHighPriority
0,IA158939275,-92.8583055,40.7834231,False
1,IA158943282,-92.9250923,40.7398306,False
2,IA158948478,-92.6955679,40.7390861,False
3,IA158948866,-92.6958447,40.7759488,False
4,IA158948924,-92.6578672,40.8418146,False
5,IA158949077,-92.9448488,40.812221,False
6,IA158949125,-92.934644,40.7542574,False
7,IA158949790,-92.7338294,40.7760622,False
8,IA158950011,-92.8679661,40.7325099,True
9,IA158950243,-92.7733362,40.8701303,False
10,IA158950598,-92.8007977,40.7397717,False
11,IA158950741,-92.9825385,40.7394862,False
12,IA158951452,-92.8301959,40.8580327,False
13,IA158951484,-92.8310919,40.8924176,False
14,IA158953230,-92.90226,40.8175365,False
15,IA158953308,-92.9543872,40.8918527,True
16,IA158956189,-92.6958844,40.8194212,False
17,IA158956205,-92.6928736,40.8187781,False
18,IA158962825,-92.8209776,40.8924381,False
19,IA158964138,-92.8685303,40.8921804,False
20,IA158967694,-93.0404559,40.8116274,False
21,IA159441165,-92.514714,40.842199,False
22,IA159441280,-92.509837,40.871193,False
23,IA159442095,-92.485616,40.740246,False
24,IA159442492,-92.486592,40.823458,False
25,IA159451752,-92.534261,40.882427,False
26,IA159451821,-92.534086,40.899092,False
27,IA159452089,-92.639095,40.8907085,False
28,IA159455199,-92.504963,40.738828,False
29,IA159456280,-92.481752,40.798637,False
30,IA159456290,-92.483045,40.79864,False
31,IA159456994,-92.55304,40.798983,False
32,IA159457152,-92.571609,40.827503,False
33,IA159458953,-92.595582,40.839962,False
34,IA159459599,-92.536818,40.842135,False
35,IA159459632,-92.53858,40.843472,False
36,IA159459678,-92.540397,40.842143,False
37,IA159471844,-92.626141,40.790762,False
38,IA160418433,-92.467633,41.170913,False
39,IA160421894,-92.525625,41.176012,False
40,IA160423601,-92.578313,41.165034,False
41,IA160437079,-92.5256512,41.1651296,False
42,IA160443442,-92.9123675,41.1650953,False
43,IA160460393,-92.9293148,41.1824915,False
44,IA160501666,-92.7908585,41.0159233,False
45,IA160501682,-92.7931557,41.0271345,True
46,IA160501748,-92.8091251,41.0154029,True
47,IA160502149,-92.8080884,41.0328642,False
48,IA160502151,-92.8067608,41.0329157,False
49,IA160504905,-92.6952706,40.9610832,False
50,IA160506484,-92.769229,41.057575,False
51,IA160506863,-92.8071642,41.0271355,True
52,IA160507616,-93.0555674,41.0011134,False
53,IA160507775,-92.6390339,40.8988761,False
54,IA160508066,-92.6399931,41.1039764,False
55,IA160508949,-92.687088,40.988232,False
56,IA160508984,-92.6874755,41.0159154,False
57,IA160509019,-92.6893793,41.0279782,False
58,IA160509949,-92.8227866,40.9631436,False
59,IA160510075,-92.9067697,41.1359054,False
60,IA160510109,-92.8071565,41.0320318,False
61,IA160510202,-92.8342953,41.049619,False
62,IA160510378,-92.8979689,41.0589726,False
63,IA160514987,-92.696623,40.934943,False
64,IA160515340,-92.65747,40.913432,False
65,IA160515822,-92.731042,40.971384,False
66,IA160517324,-92.8029731,41.0440616,False
67,IA160518962,-92.9837598,41.0117304,False
68,IA160519300,-93.0983496,41.0008633,False
69,IA160519377,-92.8500259,41.0177619,False
70,IA160519777,-92.6633069,41.1437265,False
71,IA160519796,-92.6405586,41.1470291,False
72,IA160520381,-92.6873542,41.028321,False
73,IA160521180,-92.741231,40.990324,False
74,IA160525503,-92.6394335,40.9732008,False
75,IA161199241,-92.4676772,41.1406939,False
76,IA161211482,-92.4722487,41.0123235,False
77,IA161217686,-92.5260994,41.101813,False
78,IA161217689,-92.525869,41.102174,False
79,IA161239265,-92.631243,41.160811,True
80,IA161249458,-92.513326,41.094233,False
81,IA161259998,-92.480649,40.949914,False
82,IA161260006,-92.480625,40.952539,False
83,IA161260387,-92.50378,41.145545,False
84,IA161268771,-92.457257,40.944382,False
85,IA161274568,-92.587747,40.964206,False
86,IA161279292,-92.5364601,41.0899805,False
87,IA161280316,-92.5132801,41.0947878,False
88,IA161280318,-92.5132637,41.0951949,False
89,IA161280700,-92.637843,40.965006,False
90,IA161281797,-92.6396361,41.0161125,False
91,IA161286964,-92.6397042,41.03045,False
92,IA161288108,-92.637857,40.964112,False
93,IA161295115,-92.4676151,41.0133364,False
94,IA352640340,-92.6275105,41.1509088,False
95,IA352643646,-92.6199722,41.146287,False
96,IA352644081,-92.6279276,41.1697746,False
97,IA352644103,-92.6330726,41.1719416,False
98,IA352644104,-92.6362453,41.1767412,False
99,IA352644105,-92.6278026,41.1692074,False
100,IA352644142,-92.6214423,41.1499036,True
101,IA352644432,-92.6253439,41.1509287,False
102,IA352644440,-92.6236857,41.1502558,False
103,IA352644513,-92.622465,41.1583012,False
104,IA352644514,-92.6157,41.143819,False
105,IA560117158,-92.8091008,41.0072685,False
106,IA998453730,-92.6370283,41.1778899,False
107,IA2420361340,-92.7118125,40.8190983,False
108,IA2422303524,-92.743215,40.8703532,False
109,IA4780505013,-92.467952,41.140606,False
110,IA4780505015,-92.4676472,41.1403816,False
111,IA12079687011,-92.8307564,40.8924178,False
112,IA12079687014,-92.8310853,40.8926806,False
113,IA12079687015,-92.8315377,40.8924106,False
114,IA12079687018,-92.8310645,40.8921245,False
115,IA160020156,-92.7953523,41.692763,False
116,IA160033669,-92.7953246,41.692333,False
117,IA160050988,-92.902904,41.681051,False
118,IA160081820,-92.9029427,41.674163,False
119,IA160082407,-92.9027751,41.616168,False
120,IA160082492,-92.8437408,41.616097,False
121,IA160082694,-92.9027734,41.616213,False
122,IA160083157,-92.7760678,41.537759,False
123,IA160083176,-92.7761823,41.5449359,False
124,IA160083379,-92.7907563,41.623193,False
125,IA160083534,-92.7951738,41.688079,False
126,IA160087530,-92.8001442,41.536799,False
127,IA160087784,-92.871565,41.537504,False
128,IA160087936,-92.8330041,41.5383951,False
129,IA160104546,-92.890937,41.581031,False
130,IA160110040,-92.8343595,41.5810851,False
131,IA160123342,-92.948904,41.57351,False
132,IA160123609,-92.8718236,41.5809378,False
133,IA160123669,-92.9004764,41.579922,False
134,IA160129392,-92.7827319,41.57754,False
135,IA160131708,-92.9489028,41.559009,False
136,IA160135058,-92.9029153,41.659671,False
137,IA160145230,-92.9203582,41.5425324,False
138,IA160409416,-92.6592231,41.2952939,True
139,IA160409418,-92.6592177,41.2962038,False
140,IA160409426,-92.6592145,41.2993493,False
141,IA160410732,-92.8109437,41.4937304,False
142,IA160412010,-92.600133,41.2491828,False
143,IA160412015,-92.600766,41.2494429,False
144,IA160412602,-92.6601212,41.3053023,False
145,IA160412845,-92.6735428,41.2961787,True
146,IA160413692,-92.603108,41.310663,False
147,IA160414114,-92.6318709,41.3034072,False
148,IA160415411,-92.5752103,41.4697597,False
149,IA160415414,-92.576472,41.470279,False
150,IA160415952,-92.4746166,41.4809167,False
151,IA160418373,-92.4772288,41.2569293,False
152,IA160418440,-92.467703,41.172152,False
153,IA160418443,-92.4677,41.172669,False
154,IA160418453,-92.468106,41.212463,False
155,IA160418497,-92.463845,41.3147122,False
156,IA160418545,-92.6451228,41.3007588,False
157,IA160418592,-92.6270005,41.2871512,False
158,IA160418603,-92.6319138,41.2889696,False
159,IA160418610,-92.636791,41.2889582,False
160,IA160418773,-92.468284,41.172544,False
161,IA160418804,-92.6451081,41.2953139,False
162,IA160418806,-92.6451258,41.2962328,False
163,IA160418848,-92.6457312,41.3124858,False
164,IA160418918,-92.6515113,41.4696892,False
165,IA160418942,-92.6600256,41.292501,False
166,IA160419172,-92.6455972,41.2815937,False
167,IA160419180,-92.6456557,41.2852629,False
168,IA160419191,-92.6453331,41.286528,False
169,IA160419204,-92.645091,41.2898437,True
170,IA160419206,-92.6450913,41.2899496,False
171,IA160419213,-92.6450996,41.2926117,False
172,IA160419334,-92.7848019,41.3636978,False
173,IA160419616,-92.4502056,41.4083657,False
174,IA160419800,-92.7944781,41.3353292,False
175,IA160419920,-92.6225245,41.3356445,False
176,IA160419928,-92.6487759,41.3355727,False
177,IA160420048,-92.6498322,41.2953077,False
178,IA160420051,-92.6498373,41.2962148,False
179,IA160420057,-92.6498538,41.2993503,False
180,IA160420061,-92.6498464,41.3007405,False
181,IA160420342,-92.5788313,41.2493099,False
182,IA160420351,-92.6004771,41.2490614,False
183,IA160420917,-92.6556897,41.2953089,False
184,IA160421944,-92.6234881,41.292705,True
185,IA160421957,-92.6319214,41.2926734,False
186,IA160421967,-92.636821,41.2926358,False
187,IA160421981,-92.6426681,41.2926178,False
188,IA160422083,-92.6782347,41.2961655,False
189,IA160422094,-92.6696796,41.2961274,False
190,IA160422109,-92.6031154,41.296159,False
191,IA160422202,-92.4733092,41.3224696,False
192,IA160422367,-92.7939847,41.2967212,False
193,IA160422450,-92.66517,41.2961613,False
194,IA160422468,-92.6426863,41.29533,False
195,IA160422472,-92.6415328,41.295339,False
196,IA160422479,-92.6368327,41.2953599,False
197,IA160422750,-92.6030195,41.2653521,True
198,IA160422766,-92.583049,41.2120637,False
199,IA160422809,-92.5829566,41.2048527,False
200,IA160422813,-92.5830263,41.211663,False
201,IA160423030,-92.6600649,41.310688,False
202,IA160423139,-92.6298446,41.2672116,False
203,IA160423190,-92.450548,41.509437,False
204,IA160423763,-92.6367956,41.2899837,False
205,IA160423774,-92.642653,41.2899626,False
206,IA160424255,-92.7379936,41.4658043,False
207,IA160424317,-92.7999526,41.4511062,False
208,IA160424348,-92.870947,41.4075718,False
209,IA160424932,-92.6545043,41.2925833,False
210,IA160424945,-92.6663609,41.292511,False
211,IA160425069,-92.6368325,41.2962693,False
212,IA160425413,-92.4697834,41.5081635,False
213,IA160425521,-92.784737,41.336951,True
214,IA160425593,-92.6545238,41.2953084,False
215,IA160425801,-92.6559712,41.4008691,False
216,IA160425960,-92.6545319,41.2852688,False
217,IA160425972,-92.654514,41.2898028,False
218,IA160426644,-92.4824596,41.2124277,False
219,IA160426678,-92.5234973,41.2126013,False
220,IA160426693,-92.5258899,41.2140338,False
221,IA160426740,-92.6214686,41.2785943,False
222,IA160426760,-92.623839,41.2854801,False
223,IA160426763,-92.6237471,41.2871731,False
224,IA160426774,-92.6232802,41.2962134,False
225,IA160427420,-92.5258899,41.2122582,False
226,IA160427434,-92.5824375,41.2120817,False
227,IA160427855,-92.6497792,41.2852723,False
228,IA160427864,-92.649788,41.2898152,False
229,IA160427883,-92.6319273,41.2762327,False
230,IA160427926,-92.6447214,41.2762079,True
231,IA160427982,-92.6426418,41.2852055,False
232,IA160428143,-92.607996,41.2854007,True
233,IA160428311,-92.6319292,41.2811411,False
234,IA160428608,-92.6624036,41.2852793,False
235,IA160428682,-92.6601789,41.300363,False
236,IA160428686,-92.6601342,41.3060891,False
237,IA160429010,-92.6367639,41.2816671,False
238,IA160429970,-92.4836129,41.4085809,False
239,IA160430337,-92.8225019,41.4946203,False
240,IA160430481,-92.5730324,41.4805956,False
241,IA160430554,-92.6521552,41.2852628,False
242,IA160430669,-92.7381315,41.5020087,False
243,IA160431314,-92.6415235,41.2962495,False
244,IA160431647,-92.6426829,41.2962462,False
245,IA160431776,-92.5558877,41.5024749,False
246,IA160431903,-92.7687473,41.5025724,False
247,IA160432661,-92.5744958,41.4080378,False
248,IA160434142,-92.6426194,41.2815943,True
249,IA160434954,-92.73652,41.2048269,False
250,IA160435187,-92.6670083,41.303016,False
251,IA160435365,-92.8709058,41.3911984,False
252,IA160435703,-92.5752372,41.4717976,False
253,IA160436646,-92.6078577,41.2813014,False
254,IA160437161,-92.63189,41.2962902,True
255,IA160437183,-92.6319374,41.2817539,False
256,IA160438342,-92.6556864,41.2962063,False
257,IA160438344,-92.6556884,41.2993468,False
258,IA160438350,-92.6556857,41.3011104,False
259,IA160440345,-92.6514918,41.4951158,False
260,IA160441885,-92.6700831,41.2924937,False
261,IA160443103,-92.9144134,41.3782616,False
262,IA160445802,-92.9544444,41.4156825,False
263,IA160446336,-92.8766733,41.2921413,False
264,IA160447989,-92.9373253,41.4111112,False
265,IA160450684,-93.0042426,41.306932,False
266,IA160452383,-92.8949113,41.4508663,False
267,IA160457374,-92.8903757,41.3956891,False
268,IA160457591,-92.9156906,41.4318114,False
269,IA160458506,-92.9481725,41.3063518,False
270,IA160459614,-92.87611,41.4906,False
271,IA160459626,-92.8765297,41.2733687,False
272,IA160459629,-92.8771263,41.2733556,False
273,IA160460494,-92.966979,41.2188914,False
274,IA160460959,-92.8987787,41.3968579,False
275,IA160460962,-92.8987256,41.40023,True
276,IA160460971,-92.8985045,41.4073213,False
277,IA160461515,-92.9113425,41.3983971,False
278,IA160461519,-92.9113172,41.4001069,False
279,IA160461531,-92.9112875,41.4080539,False
280,IA160462834,-92.8976838,41.396728,True
281,IA160462914,-92.916341,41.4182941,False
282,IA160463836,-92.9030352,41.3978487,True
283,IA160463866,-92.9243148,41.3185195,False
284,IA160465272,-92.9235503,41.4002014,False
285,IA160465288,-92.9235193,41.4080847,False
286,IA160465313,-92.922246,41.4254,False
287,IA160466075,-92.9036766,41.4072917,False
288,IA160466096,-92.8902881,41.4074271,False
289,IA160467120,-92.9201887,41.397342,False
290,IA160467129,-92.9088041,41.3971955,False
291,IA160467135,-92.9121838,41.3972289,False
292,IA160467138,-92.9131216,41.3972404,False
293,IA160468495,-92.8892305,41.2190169,False
294,IA160468501,-92.8929915,41.218984,False
295,IA160468513,-92.8892794,41.2165919,False
296,IA160468564,-92.9121653,41.3983956,False
297,IA160469725,-92.9031089,41.3971389,False
298,IA160471209,-92.9165243,41.4001603,False
299,IA160471216,-92.9165024,41.4066984,True
300,IA160471218,-92.9164565,41.4080579,True
301,IA160471230,-92.916409,41.4123281,False
302,IA160471239,-92.9166026,41.4254079,False
303,IA160471813,-92.9333393,41.3060097,False
304,IA160472684,-92.8708996,41.3902991,False
305,IA160474372,-92.9120937,41.3940347,False
306,IA160475962,-92.8866967,41.2045085,True
307,IA160477210,-92.9096173,41.4123014,True
308,IA160478048,-92.9088589,41.3939976,False
309,IA160478061,-92.9030391,41.3942146,False
310,IA160478485,-92.9096427,41.4080229,False
311,IA160478521,-92.9286266,41.408419,False
312,IA160478996,-92.904922,41.4001897,False
313,IA160773166,-92.7568854,41.545025,False
314,IA160773430,-92.522696,41.630621,False
315,IA160773506,-92.45493,41.630472,False
316,IA160773782,-92.727056,41.630498,False
317,IA160777195,-92.508718,41.538068,False
318,IA160777196,-92.507659,41.538072,False
319,IA160777213,-92.489193,41.53822,False
320,IA160777267,-92.450604,41.538095,False
321,IA160777745,-92.610427,41.632238,False
322,IA160779067,-92.488216,41.524839,False
323,IA160779772,-92.527237,41.574264,False
324,IA160779794,-92.5272501,41.5853916,True
325,IA160780760,-92.523621,41.58536,True
326,IA160781060,-92.7271785,41.659589,False
327,IA160785003,-92.552137,41.630766,False
328,IA160792887,-92.550603,41.532735,False
329,IA160793147,-92.661409,41.574553,False
330,IA160793303,-92.669134,41.608963,False
331,IA160795635,-92.6103391,41.6165107,False
332,IA160795748,-92.60451,41.576454,False
333,IA160795954,-92.606276,41.601644,False
334,IA160795971,-92.605958,41.601854,False
335,IA160796036,-92.606469,41.601853,False
336,IA160802948,-92.658093,41.5738,False
337,IA160803079,-92.618964,41.575807,False
338,IA160804007,-92.45502,41.644967,False
339,IA160815503,-92.544515,41.601682,True
340,IA160816800,-92.623479,41.530823,False
341,IA160819130,-92.450823,41.58532,False
342,IA160819465,-92.7272315,41.60873,False
343,IA160825747,-92.654382,41.530473,False
344,IA160826225,-92.727244,41.689229,False
345,IA160826599,-92.704009,41.574582,False
346,IA160830115,-92.508488,41.538657,False
347,IA352637040,-92.6742953,41.2852325,True
348,IA352639586,-92.6319351,41.1753046,False
349,IA352641362,-92.640848,41.2544961,False
350,IA352641369,-92.6466834,41.264707,False
351,IA352641753,-92.6413096,41.255231,False
352,IA352641885,-92.6418872,41.262689,False
353,IA352642440,-92.6430219,41.2563239,False
354,IA352642451,-92.6476975,41.2649751,False
355,IA352642470,-92.6746537,41.3013932,False
356,IA352642473,-92.6744744,41.2902566,False
357,IA352642543,-92.6760621,41.296165,False
358,IA352642546,-92.6748422,41.2902726,False
359,IA352642550,-92.6750345,41.3019461,False
360,IA352643339,-92.6399332,41.2049696,False
361,IA352906724,-92.9449907,41.4126266,True
362,IA352906729,-92.9490428,41.4115423,False
363,IA352906733,-92.9475079,41.4106728,False
364,IA352906734,-92.9528062,41.4147455,False
365,IA352907077,-92.9206419,41.3899172,False
366,IA352907082,-92.9130429,41.3906578,True
367,IA352907085,-92.9058428,41.389716,False
368,IA352907151,-92.9200538,41.3895931,False
369,IA352907154,-92.9139899,41.3876942,False
370,IA352907159,-92.9071937,41.3893766,False
371,IA352907162,-92.8708641,41.3886925,False
372,IA352907164,-92.8778237,41.3897325,False
373,IA352907172,-92.8768936,41.3899248,False
374,IA352907177,-92.8640486,41.3893533,False
375,IA352907179,-92.8633612,41.3896154,False
376,IA391180641,-92.4746649,41.5026416,False
377,IA391189889,-92.78101,41.574025,False
378,IA391190630,-92.8439885,41.581086,False
379,IA391226143,-92.513437,41.574281,False
380,IA391226168,-92.702504,41.574144,False
381,IA391226169,-92.704351,41.574133,False
382,IA998453637,-92.6402765,41.2049696,False
383,IA998511493,-92.6884512,41.3140202,False
384,IA998511512,-92.6882436,41.3142257,False
385,IA1001583120,-92.7849092,41.3634526,False
386,IA1001583162,-92.7298545,41.3363665,False
387,IA1001583163,-92.7301044,41.3361686,False
388,IA1186331113,-92.9216766,41.4282252,False
389,IA1230001872,-92.6434747,41.3136696,False
390,IA1851751806,-92.673611,41.2925917,False
391,IA2576495372,-92.9017852,41.3948404,False
392,IA2576495469,-92.9016835,41.3916362,False
393,IA2576502181,-92.8977109,41.3916124,False
394,IA2576502228,-92.8904236,41.4002843,False
395,IA2576569253,-92.9113076,41.4066999,False
396,IA2577779255,-92.9465686,41.4120833,False
397,IA3567035441,-92.667234,41.303892,False
398,IA3567035453,-92.6668711,41.3042501,False
399,IA3567089375,-92.6319155,41.2871592,False
400,IA3567089881,-92.6663497,41.3035627,True
401,IA3567089894,-92.667081,41.3036113,False
402,IA3567089899,-92.6673215,41.3036363,False
403,IA3567089900,-92.6670349,41.3036374,False
404,IA3567089913,-92.6673734,41.3037008,False
405,IA3567089930,-92.666989,41.3037992,False
406,IA3567089935,-92.6670068,41.3038262,False
407,IA3567089945,-92.6672888,41.3038734,False
408,IA3612525754,-92.6656337,41.2980239,False
409,IA3625544271,-92.6696849,41.2962332,False
410,IA3625548709,-92.6781633,41.2958736,False
411,IA3625548714,-92.6651629,41.2962612,False
412,IA3625548733,-92.6629266,41.2961988,False
413,IA3625548740,-92.6776748,41.2961697,False
414,IA3958518043,-92.9165894,41.4266525,False
415,IA4201216141,-92.6404288,41.2563169,False
416,IA4201216427,-92.640084,41.2566781,False
417,IA4201258816,-92.6227423,41.2962122,False
418,IA4201258847,-92.6232621,41.2958831,False
419,IA4201325386,-92.664786,41.2962589,False
420,IA4201327301,-92.6652006,41.2965414,False
421,IA4201327306,-92.6656309,41.2962582,False
422,IA4201327347,-92.6653284,41.2965852,False
423,IA4201327349,-92.6652204,41.2962609,False
424,IA4209922742,-92.6319324,41.2808118,False
425,IA4209922764,-92.63177,41.2808228,True
426,IA4218415684,-92.6697023,41.2958626,False
427,IA4218421242,-92.6693117,41.2961277,False
428,IA4218421338,-92.667966,41.3040755,False
429,IA9595986771,-92.4639738,41.3251817,False
430,IA160004964,-92.7693125,41.694851,False
431,IA160005027,-92.7764571,41.6950116,False
432,IA160005037,-92.7807469,41.695265,False
433,IA160009150,-92.910227,41.682142,False
434,IA160009167,-92.903411,41.683729,False
435,IA160009187,-92.9029306,41.6840698,True
436,IA160018145,-92.8968215,41.6830214,False
437,IA160018168,-92.9029115,41.6837292,False
438,IA160020166,-92.7949076,41.692651,False
439,IA160020195,-92.7887734,41.695223,False
440,IA160020474,-92.7682841,41.6955079,False
441,IA160020490,-92.770828,41.6957964,False
442,IA160020514,-92.7746854,41.6956894,False
443,IA160020523,-92.7782009,41.695504,False
444,IA160025135,-92.80333,41.695382,False
445,IA160025170,-92.7958717,41.697251,False
446,IA160025183,-92.795416,41.697538,False
447,IA160025204,-92.795419,41.697112,False
448,IA160025219,-92.7889537,41.695467,False
449,IA160025249,-92.7954171,41.6973699,False
450,IA160033703,-92.8033667,41.695175,False
451,IA160041020,-92.9035504,41.714347,False
452,IA160049326,-92.9927601,41.6821785,False
453,IA160050974,-92.8950746,41.6829291,False
454,IA160050980,-92.902352,41.681315,False
455,IA160060311,-92.9029979,41.7138788,False
456,IA160063584,-92.9104857,41.681905,False
457,IA160064427,-92.902901,41.681573,False
458,IA160064504,-92.902907,41.683548,False
459,IA160081191,-92.7892012,41.734459,True
460,IA160081212,-92.784836,41.7351838,False
461,IA160081233,-92.785572,41.790513,False
462,IA160081289,-92.785631,41.819655,False
463,IA160081374,-92.7854295,41.848487,False
464,IA160081500,-92.7855745,41.753216,False
465,IA160081529,-92.7855607,41.7605041,False
466,IA160083842,-92.9029668,41.706135,False
467,IA160084072,-92.8376754,41.713592,False
468,IA160084157,-92.8050817,41.7173175,False
469,IA160085590,-92.922469,41.723104,False
470,IA160096056,-92.8345986,41.819571,False
471,IA160096154,-92.9029466,41.819793,False
472,IA160103417,-92.8420276,41.7352826,False
473,IA160108091,-92.9028325,41.7316781,True
474,IA160113612,-92.8246394,41.735156,False
475,IA160113751,-92.8297002,41.7605414,False
476,IA160129014,-92.9026684,41.7606989,False
477,IA160138939,-92.9225101,41.819749,False
478,IA160139726,-92.9029009,41.714362,False
479,IA160149567,-92.8342525,41.790583,False
480,IA160149989,-92.8344938,41.848596,False
481,IA160154367,-92.8340956,41.7605999,True
482,IA160454028,-92.7854817,41.8821426,False
483,IA160454576,-92.9068088,42.0436959,False
484,IA160454593,-92.908012,42.0442794,False
485,IA160454609,-92.9091062,42.0433338,False
486,IA160457475,-92.8536564,42.0421875,False
487,IA160457875,-92.8902304,42.0031975,False
488,IA160457877,-92.8837071,42.00191,False
489,IA160457882,-92.8756273,42.0049354,False
490,IA160458132,-92.8837071,42.0040606,False
491,IA160459992,-92.9196671,42.0038495,True
492,IA160459995,-92.9123983,42.0045989,True
493,IA160460002,-92.9055659,42.0037455,False
494,IA160461840,-92.9146188,42.0491442,True
495,IA160461961,-92.9223286,41.8840542,False
496,IA160462316,-92.9171975,41.9493994,False
497,IA160462324,-92.9608563,41.9494746,False
498,IA160462336,-92.9997472,41.9495293,False
499,IA160462490,-92.893518,42.0431321,False
500,IA160462512,-92.9015607,42.0479417,False
501,IA160462518,-92.9015619,42.0491954,False
502,IA160462745,-92.9113087,42.0466942,False
503,IA160462747,-92.9113112,42.0479088,False
504,IA160462749,-92.9113137,42.0491496,False
505,IA160462927,-92.9167877,41.9348078,False
506,IA160465124,-92.8630811,41.8769166,False
507,IA160465129,-92.8582023,41.8768894,False
508,IA160465503,-92.9080386,42.047915,False
509,IA160465504,-92.9096639,42.0479143,False
510,IA160465505,-92.9129518,42.0479032,False
511,IA160466534,-92.8932364,42.0068679,False
512,IA160466545,-92.893346,42.0180394,False
513,IA160466550,-92.8934475,42.028389,True
514,IA160467142,-92.8935584,42.0443043,False
515,IA160467158,-92.8838716,42.0443589,False
516,IA160467436,-92.9124013,42.0210773,True
517,IA160467443,-92.9220713,42.0211317,False
518,IA160467949,-92.908042,42.0491472,False
519,IA160468069,-92.9127821,42.038169,False
520,IA160468893,-92.7882658,41.8809947,False
521,IA160469060,-92.917886,42.0491404,False
522,IA160469063,-92.9162396,42.0491461,False
523,IA160469066,-92.912955,42.0491447,False
524,IA160469418,-92.912306,42.0179472,True
525,IA160469684,-92.8237166,42.0069753,False
526,IA160469696,-92.8513743,42.0071874,False
527,IA160469701,-92.8620147,42.0070737,False
528,IA160470195,-92.8925158,42.049202,False
529,IA160470298,-92.7756871,42.0067232,False
530,IA160470450,-92.8399982,42.0226488,False
531,IA160470593,-92.8836989,41.999842,False
532,IA160470601,-92.883566,42.0068346,False
533,IA160470616,-92.8839061,42.0283999,False
534,IA160470638,-92.8839096,42.049246,False
535,IA160470771,-92.9096654,42.0491484,True
536,IA160471338,-92.9123834,42.0069672,True
537,IA160471389,-92.9080351,42.0466885,False
538,IA160472428,-92.8515189,42.007511,True
539,IA160472453,-92.8616566,42.0141783,False
540,IA160472459,-92.8623778,42.0210242,False
541,IA160473145,-92.9221727,42.0071376,True
542,IA160473169,-92.9220819,42.0178088,True
543,IA160473175,-92.922245,42.0284881,False
544,IA160473577,-92.8653577,41.9348606,False
545,IA160473629,-92.8627355,41.9779426,False
546,IA160475163,-92.9318672,42.0073344,True
547,IA160475223,-92.9126224,42.0284152,True
548,IA160475230,-92.916241,42.0479086,False
549,IA160475233,-92.9178836,42.0479019,False
550,IA160475239,-92.9274354,42.0478819,False
551,IA160475319,-92.9096624,42.0466906,False
552,IA160476375,-92.9273168,42.0418446,False
553,IA160477628,-92.862929,41.9348564,False
554,IA160477641,-92.8237276,41.9346794,False
555,IA160477663,-92.7854422,41.9346975,False
556,IA160478745,-92.7857409,42.0494993,False
557,IA160478948,-92.8242602,41.9780898,False
558,IA160478971,-92.7854376,41.9780707,False
559,IA160479246,-92.9178738,42.0430166,False
560,IA160480168,-92.9341167,42.0285955,False
561,IA160482143,-92.9129487,42.0466978,False
562,IA160765605,-92.5521555,41.7012678,False
563,IA160765626,-92.552134,41.70609,False
564,IA160765670,-92.7079782,41.7315785,False
565,IA160765679,-92.7176645,41.731609,False
566,IA160768089,-92.7346578,41.7388905,True
567,IA160768174,-92.7269693,41.6950122,False
568,IA160768177,-92.726601,41.69505,False
569,IA160768839,-92.7342007,41.69597,False
570,IA160768862,-92.7272784,41.6973673,True
571,IA160769212,-92.452575,41.69526,False
572,IA160769348,-92.5458025,41.696576,False
573,IA160769367,-92.552168,41.697996,False
574,IA160770139,-92.5581791,41.696692,False
575,IA160770174,-92.5524667,41.6978386,False
576,IA160770256,-92.451837,41.695521,False
577,IA160770395,-92.7273349,41.7270082,False
578,IA160771067,-92.552464,41.6952686,False
579,IA160771094,-92.5582909,41.6964927,False
580,IA160771110,-92.552186,41.694997,False
581,IA160771121,-92.551552,41.695195,False
582,IA160771136,-92.545741,41.696354,False
583,IA160771421,-92.7335963,41.6956539,False
584,IA160771453,-92.7272354,41.694995,False
585,IA160771479,-92.552189,41.693297,False
586,IA160776620,-92.727554,41.848987,False
587,IA160778526,-92.721588,41.696049,False
588,IA160779420,-92.707992,41.7432114,True
589,IA160779426,-92.7080025,41.7461103,False
590,IA160779433,-92.7080103,41.7490214,False
591,IA160779449,-92.707971,41.760655,False
592,IA160781104,-92.522188,41.659551,False
593,IA160781105,-92.522596,41.659558,False
594,IA160781142,-92.5519583,41.65987,False
595,IA160781180,-92.590702,41.660025,False
596,IA160781609,-92.7257752,41.7432415,False
597,IA160781611,-92.7257772,41.7447055,False
598,IA160781613,-92.7258045,41.7461568,False
599,IA160781983,-92.590798,41.6522157,False
600,IA160782015,-92.590815,41.688077,False
601,IA160782021,-92.590797,41.694705,False
602,IA160782023,-92.590795,41.695071,False
603,IA160782038,-92.590802,41.702474,False
604,IA160782101,-92.590651,41.73336,False
605,IA160782645,-92.590952,41.745769,False
606,IA160782737,-92.591355,41.804735,False
607,IA160783557,-92.571673,41.68803,False
608,IA160783591,-92.571504,41.688028,False
609,IA160783636,-92.552177,41.688005,False
610,IA160783674,-92.507936,41.68794,False
611,IA160783682,-92.503254,41.687945,False
612,IA160783720,-92.4548751,41.6882554,False
613,IA160784197,-92.7273825,41.7534335,False
614,IA160784304,-92.474334,41.716649,False
615,IA160784320,-92.47393,41.716924,False
616,IA160784787,-92.474586,41.7169,False
617,IA160785050,-92.693227,41.65961,False
618,IA160785217,-92.629682,41.645397,False
619,IA160785261,-92.61036,41.639226,False
620,IA160785349,-92.717676,41.738858,True
621,IA160785364,-92.7241219,41.7388706,False
622,IA160785365,-92.7273507,41.7388901,False
623,IA160786832,-92.727362,41.717145,True
624,IA160786923,-92.727216,41.717145,True
625,IA160787953,-92.629497,41.694903,False
626,IA160788001,-92.591035,41.694922,False
627,IA160788552,-92.494092,41.804432,False
628,IA160792055,-92.717674,41.743228,True
629,IA160792064,-92.7241483,41.7432413,True
630,IA160792065,-92.7273665,41.7432492,True
631,IA160792996,-92.7406767,41.7461524,True
632,IA160793366,-92.670086,41.81883,False
633,IA160796588,-92.552025,41.716941,False
634,IA160797012,-92.629494,41.717063,False
635,IA160797059,-92.688629,41.717002,True
636,IA160797086,-92.717717,41.716997,False
637,IA160798604,-92.688637,41.731534,False
638,IA160800419,-92.551972,41.731447,False
639,IA160800736,-92.494206,41.746062,False
640,IA160800874,-92.493965,41.819072,False
641,IA160802195,-92.7273941,41.7607115,False
642,IA160805228,-92.551522,41.746202,False
643,IA160806097,-92.522431,41.659333,True
644,IA160808629,-92.7273456,41.7359675,False
645,IA160810066,-92.629593,41.760553,False
646,IA160810950,-92.7241529,41.7447,False
647,IA160810956,-92.7241496,41.746154,True
648,IA160810959,-92.724138,41.749046,False
649,IA160811672,-92.7213636,41.695642,False
650,IA160814052,-92.629994,41.804802,False
651,IA160814245,-92.708003,41.819684,False
652,IA160814262,-92.7274625,41.8197041,False
653,IA160814681,-92.688682,41.746068,False
654,IA160815181,-92.7273776,41.7461564,False
655,IA160815667,-92.552184,41.692259,False
656,IA160817209,-92.6295433,41.7460352,False
657,IA160822894,-92.727343,41.790586,False
658,IA160826803,-92.726951,41.6940773,False
659,IA160827897,-92.727384,41.7490615,False
660,IA160830009,-92.7273706,41.744703,False
661,IA161053387,-92.5815506,42.0145874,False
662,IA161055156,-92.6216066,42.0034635,False
663,IA161055158,-92.6227741,42.0038283,False
664,IA161055165,-92.6227241,42.0027071,False
665,IA161055966,-92.5816454,42.0000865,False
666,IA161058630,-92.7308289,41.8766982,False
667,IA161058634,-92.7307216,41.8770337,False
668,IA161059376,-92.5330272,41.9929759,False
669,IA161064837,-92.5813536,42.1011534,False
670,IA161064877,-92.5816757,41.9808938,False
671,IA161065105,-92.5824446,41.9419067,False
672,IA161065377,-92.7148313,41.9786032,False
673,IA161066472,-92.578243,41.999204,True
674,IA161067708,-92.5768394,41.9637377,True
675,IA161068737,-92.5818744,42.1742329,False
676,IA161069054,-92.5768185,41.9711671,False
677,IA161070938,-92.5661378,41.9688405,False
678,IA161071455,-92.466363,41.9782973,False
679,IA161072365,-92.7082036,41.8770837,False
680,IA161072426,-92.5817251,41.9711463,False
681,IA161072429,-92.5780796,41.9711631,False
682,IA161072802,-92.7297907,42.0051638,False
683,IA161072814,-92.6927925,42.0000151,False
684,IA161072826,-92.6926812,42.0211697,False
685,IA161072944,-92.708529,41.9356009,False
686,IA161072961,-92.7085097,41.9777259,False
687,IA161073132,-92.5476064,41.9930725,False
688,IA161074150,-92.5583337,41.9638226,False
689,IA161074570,-92.5816715,41.9870621,False
690,IA161074585,-92.5816809,41.9928661,True
691,IA161074986,-92.4936876,41.8915305,False
692,IA161075582,-92.5764164,41.9346816,False
693,IA161079021,-92.5784642,41.9854727,False
694,IA161079589,-92.7241554,42.0213571,False
695,IA161079661,-92.7470649,42.0400613,False
696,IA161080125,-92.5814969,41.8767664,False
697,IA161080152,-92.7321929,41.8769589,False
698,IA161080216,-92.5815272,42.0649268,False
699,IA161080519,-92.581641,41.9992386,False
700,IA351973444,-92.9527847,42.0035327,False
701,IA351973452,-92.9528211,42.0032835,False
702,IA351973692,-92.8896804,42.002921,False
703,IA351973693,-92.8766558,42.0044181,False
704,IA351973778,-92.9197147,42.0035964,False
705,IA351973780,-92.912433,42.0030615,False
706,IA351973782,-92.9055996,42.0034905,False
707,IA351975567,-92.8237167,42.0067145,False
708,IA351975580,-92.7924638,42.0104338,False
709,IA351975754,-92.8040575,42.0074334,False
710,IA351975772,-92.8039399,42.0072158,False
711,IA351976206,-92.7672295,42.0075881,False
712,IA351976890,-92.767402,42.0073637,False
713,IA351978164,-92.6928011,41.9997596,False
714,IA351978172,-92.7298056,42.0049055,False
715,IA353051257,-92.7852938,42.0110317,False
716,IA353051259,-92.7769933,42.0112492,False
717,IA353051276,-92.7852827,42.0128939,False
718,IA353051301,-92.7771997,42.0115642,False
719,IA353051306,-92.7923273,42.0107495,False
720,IA391153946,-92.577295,41.9493181,False
721,IA404108364,-92.7649524,41.6952769,False
722,IA557156593,-92.5521834,41.6954325,False
723,IA1008083073,-92.5395792,41.96498,False
724,IA1008083077,-92.5517472,41.9710603,False
725,IA1008083104,-92.5454613,41.9687378,False
726,IA1008083152,-92.5515492,41.9705236,False
727,IA1008083160,-92.5397557,41.9647469,False
728,IA1008097784,-92.5821928,41.9809512,False
729,IA1008097813,-92.5805199,41.9824157,False
730,IA1008097884,-92.5819148,41.9835598,False
731,IA1008097944,-92.589168,41.9830534,False
732,IA1008122887,-92.5906074,41.9830292,True
733,IA1008122929,-92.5818711,41.9822765,False
734,IA1008161559,-92.6255068,41.9944336,False
735,IA1009169519,-92.6144323,41.9918722,False
736,IA1009170433,-92.5480162,41.9661465,False
737,IA1009268787,-92.5667477,41.9689537,False
738,IA1229772881,-92.862021,42.0068352,False
739,IA1235404463,-92.5816726,41.983553,False
740,IA1601619427,-92.9273305,42.0430549,False
741,IA1601817319,-92.8839156,42.0277205,False
742,IA1601817346,-92.8838598,42.0068385,False
743,IA1602974635,-92.9146188,42.0479193,False
744,IA1603076371,-92.9238734,42.0428183,False
745,IA1666138482,-92.7756956,41.9995484,False
746,IA1666282913,-92.6186817,41.9932971,False
747,IA1666282918,-92.6253948,41.9946725,False
748,IA1666283289,-92.6120775,41.9927844,False
749,IA1897900761,-92.7269803,41.6973666,True
750,IA1897900782,-92.5521709,41.6975096,False
751,IA1982608317,-92.7851153,42.0066592,True
752,IA2396741485,-92.5664967,41.9692732,False
753,IA3319710734,-92.8512702,42.0069282,False
754,IA3625652582,-92.8517854,42.0071816,False
755,IA3829889131,-92.5818703,42.1737825,False
756,IA3881988475,-92.5816716,41.9866744,False
757,IA3881988478,-92.5811247,41.9867911,False
758,IA3881988486,-92.5823453,41.9873995,True
759,IA3881988489,-92.5816862,41.9875811,False
760,IA4220510378,-92.7675782,42.0071687,False
761,IA4220511293,-92.7670577,42.0072187,False
762,IA5816401950,-92.4665809,41.9641438,False
763,IA5816405355,-92.4665802,41.9644002,False
764,IA8805481584,-92.4544445,41.9643834,False
765,IA9506369324,-92.9164331,41.9348029,False
766,IA9506369327,-92.9167872,41.9350169,False
767,IA11838803443,-92.9032959,41.7061668,False
768,IA11838803446,-92.9029617,41.7065085,False
769,IA11838803447,-92.9026094,41.7060752,False
770,IA11838803450,-92.9030178,41.705865,False
771,IA12398892663,-92.8934971,42.0420063,False
772,IA158986841,-92.4654654,42.457465,False
773,IA158996004,-92.4560784,42.3974695,False
774,IA159001758,-92.4781819,42.392009,False
775,IA159001796,-92.4593874,42.4038784,False
776,IA159003257,-92.4948802,42.3261851,False
777,IA159003267,-92.4558263,42.3262343,False
778,IA159004284,-92.4650298,42.4647628,False
779,IA159007482,-92.4506228,42.408869,False
780,IA159011780,-92.4518401,42.3992751,False
781,IA159013130,-92.5337962,42.3691509,False
782,IA159013333,-92.5340947,42.4620764,False
783,IA159013345,-92.5339964,42.4689528,False
784,IA159013348,-92.5339914,42.4696116,False
785,IA159018763,-92.4623998,42.4065462,False
786,IA159029232,-92.4541579,42.399283,False
787,IA159030899,-92.4520392,42.3116743,False
788,IA159030902,-92.4556424,42.3117613,False
789,IA159031056,-92.4561214,42.399274,False
790,IA159035600,-92.453642,42.3975916,False
791,IA159035606,-92.4552893,42.3957025,False
792,IA159037187,-92.4659714,42.4282951,False
793,IA159046687,-92.4655191,42.4665417,False
794,IA159046693,-92.4655693,42.4695077,False
795,IA159050093,-92.4551831,42.3956766,False
796,IA159050123,-92.456048,42.3898508,False
797,IA159059007,-92.4560141,42.3408286,False
798,IA159765815,-92.75823,42.311124,False
799,IA159766185,-92.534098,42.456666,False
800,IA159769885,-92.592037,42.3256724,True
801,IA159769983,-92.7116131,42.4699181,False
802,IA159770102,-92.631885,42.4697726,False
803,IA159770146,-92.7105803,42.4699174,False
804,IA159770188,-92.925213,42.434079,False
805,IA159770335,-92.826716,42.390978,False
806,IA159770361,-92.768381,42.391025,False
807,IA159770379,-92.7099308,42.3913359,False
808,IA159770392,-92.671032,42.391424,False
809,IA159770404,-92.631081,42.391491,False
810,IA159770414,-92.5923071,42.3915837,False
811,IA159770424,-92.5338939,42.3917548,False
812,IA159770714,-92.904852,42.2820302,False
813,IA159770729,-92.8749927,42.2822647,False
814,IA159770747,-92.8264323,42.2825155,False
815,IA159771038,-92.709525,42.311241,False
816,IA159771059,-92.7097205,42.3529581,False
817,IA159771077,-92.710135,42.4274,False
818,IA159771177,-92.9249644,42.4052293,False
819,IA159771196,-93.0026062,42.4050654,False
820,IA159771204,-92.807371,42.405433,False
821,IA159771228,-92.8266036,42.4053983,False
822,IA159771877,-92.807592,42.427097,False
823,IA159772268,-92.8745696,42.2245073,True
824,IA159772657,-92.7877713,42.3616086,True
825,IA159772674,-92.826772,42.36159,False
826,IA159772826,-92.905398,42.353994,False
827,IA159772835,-92.9246969,42.35404,False
828,IA159773283,-92.826015,42.224526,False
829,IA159773294,-92.826317,42.253514,False
830,IA159773310,-92.826503,42.310945,False
831,IA159774066,-92.5925672,42.4277272,False
832,IA159774431,-92.7684452,42.398258,False
833,IA159774443,-92.768574,42.427096,False
834,IA159774575,-92.533971,42.4278193,False
835,IA159774602,-92.6314265,42.4275745,False
836,IA159774735,-92.5336,42.3258761,False
837,IA159775031,-93.001768,42.223692,False
838,IA159775038,-92.943352,42.224206,False
839,IA159775045,-92.9045555,42.2243472,False
840,IA159775080,-92.787029,42.224552,False
841,IA159776010,-92.768287,42.3614818,True
842,IA159776100,-92.7586112,42.3614987,True
843,IA159776284,-92.874695,42.2534138,True
844,IA159776415,-92.5530475,42.3258892,False
845,IA159776516,-92.9435023,42.2530978,False
846,IA159776532,-92.9046525,42.2532085,False
847,IA159776559,-92.7871662,42.2535301,False
848,IA159777397,-92.943782,42.310789,False
849,IA159777410,-92.904975,42.310777,False
850,IA159777446,-92.7875917,42.3110527,False
851,IA159777502,-92.630785,42.311292,False
852,IA159778076,-92.787905,42.398485,False
853,IA159778503,-92.63119,42.332652,False
854,IA160455110,-92.8806777,42.0564981,False
855,IA160456181,-92.8246448,42.0531271,False
856,IA160461843,-92.914619,42.0503838,False
857,IA160465809,-92.9140178,42.0577042,False
858,IA160466947,-93.0014879,42.1876848,False
859,IA160467237,-92.9036619,42.1233417,False
860,IA160467259,-92.8250351,42.1233728,False
861,IA160467265,-92.7862446,42.1234384,False
862,IA160467951,-92.9080353,42.0503703,False
863,IA160467970,-92.9081103,42.0564058,False
864,IA160467984,-92.908122,42.0638108,True
865,IA160468130,-92.908347,42.0781125,False
866,IA160468133,-92.9080561,42.0781125,False
867,IA160468193,-92.825023,42.0929374,False
868,IA160468210,-92.7860985,42.0929203,False
869,IA160469043,-92.9274635,42.0491264,False
870,IA160470680,-92.8839299,42.0564622,True
871,IA160470791,-92.893593,42.0492031,False
872,IA160471610,-92.9096702,42.0503799,False
873,IA160473672,-92.8643193,42.1811395,False
874,IA160474088,-92.9274852,42.0503411,False
875,IA160474812,-92.9043491,42.1884636,False
876,IA160476010,-92.7866865,42.181253,False
877,IA160476024,-92.8255169,42.1811077,False
878,IA160476050,-92.9042408,42.1812365,False
879,IA160476590,-92.9113252,42.0503897,True
880,IA160476594,-92.9129598,42.0503891,False
881,IA160476661,-92.9178916,42.0503787,False
882,IA160476672,-92.9179358,42.0600784,False
883,IA160476757,-92.9162544,42.0503732,False
884,IA160481850,-92.9076536,42.082473,False
885,IA161053719,-92.4597034,42.2615524,False
886,IA161062228,-92.7085614,42.2610355,False
887,IA161062232,-92.7092966,42.2614739,False
888,IA161065353,-92.4654693,42.1933985,True
889,IA161065472,-92.757846,42.2536008,False
890,IA161065644,-92.7469172,42.1234858,False
891,IA161068697,-92.6776141,42.0924334,False
892,IA161068715,-92.5624307,42.2102842,False
893,IA161068741,-92.5825788,42.1742239,False
894,IA161068757,-92.6305342,42.174172,False
895,IA161069260,-92.6305066,42.2102641,False
896,IA161069606,-92.7087066,42.1813553,False
897,IA161069991,-92.465565,42.2467147,False
898,IA161070041,-92.7092622,42.2538031,False
899,IA161071022,-92.6693533,42.0935034,False
900,IA161071031,-92.6774967,42.0935199,False
901,IA161071035,-92.6786088,42.0935242,False
902,IA161071288,-92.7074745,42.0933272,False
903,IA161071298,-92.7473917,42.0929678,False
904,IA161072378,-92.7092884,42.2606561,False
905,IA161072902,-92.7090937,42.2247756,False
906,IA161073039,-92.5527771,42.2248337,False
907,IA161073056,-92.5530074,42.2538088,False
908,IA161073950,-92.630108,42.0646774,False
909,IA161073958,-92.6300275,42.1008149,False
910,IA161073985,-92.6305867,42.2246924,False
911,IA161073993,-92.6307058,42.2535675,False
912,IA161078112,-92.728183,42.1813188,False
913,IA161078113,-92.747654,42.1812951,False
914,IA161078815,-92.5622943,42.1740533,False
915,IA161081914,-92.465819,42.2176841,False
916,IA389255453,-92.9254411,42.4623512,False
917,IA389255457,-92.9175456,42.463211,False
918,IA389255462,-92.9254505,42.4635925,False
919,IA389255466,-92.9184536,42.4634208,False
920,IA389279912,-92.7687523,42.4637034,False
921,IA389279924,-92.7755579,42.4629563,False
922,IA389280346,-92.7687244,42.4618808,False
923,IA389280357,-92.7599647,42.4627576,False
924,IA389281750,-92.7766988,42.4626604,False
925,IA389287023,-92.7610951,42.463007,False
926,IA389288804,-92.6234182,42.4602831,False
927,IA389288898,-92.6311077,42.4621845,False
928,IA389288910,-92.6323504,42.4612994,False
929,IA389289120,-92.6318603,42.4622779,False
930,IA389289929,-92.6318775,42.4597059,False
931,IA389289934,-92.6325203,42.4598388,False
932,IA389289955,-92.6313622,42.4608124,False
933,IA389290560,-92.6389222,42.4622083,True
934,IA389296311,-92.5418549,42.4634888,False
935,IA389296323,-92.5340637,42.4652601,False
936,IA389296340,-92.5270132,42.4641204,False
937,IA389297151,-92.5417403,42.4632436,False
938,IA389297174,-92.527633,42.4638457,False
939,IA389304916,-92.4738303,42.4648838,False
940,IA389304932,-92.4656814,42.4631445,False
941,IA389305360,-92.4656965,42.4665257,False
942,IA389305373,-92.458898,42.4649079,False
943,IA389306181,-92.4656875,42.4645012,False
944,IA389307005,-92.4586318,42.4646753,False
945,IA389308878,-92.450498,42.4645422,False
946,IA389309595,-92.4513278,42.4648045,False
947,IA391237352,-92.6707682,42.3433874,True
948,IA466542172,-92.4728982,42.4651381,False
949,IA1603069584,-92.9327114,42.0745461,False
950,IA1603069640,-92.9375568,42.1231095,False
951,IA1641395411,-92.9096756,42.0577276,False
952,IA1641395412,-92.9080881,42.0577347,False
953,IA1641395417,-92.9081011,42.0575917,False
954,IA1641395438,-92.909964,42.057732,False
955,IA2101893044,-92.4655083,42.463136,False
956,IA3287694485,-93.0021427,42.3106285,False
957,IA3316993957,-92.8051233,42.1234117,False
958,IA3430623042,-92.5339887,42.4692271,False
959,IA3430623053,-92.5351496,42.4696144,False
960,IA3430623054,-92.5347813,42.4696145,False
961,IA3430623055,-92.53346,42.4696142,False
962,IA3430623067,-92.5339905,42.4699773,False
963,IA3432116862,-92.8075873,42.4266705,False
964,IA3432116883,-92.8080712,42.4270951,False
965,IA3448567047,-92.905382,42.3525738,False
966,IA3448567048,-92.9053836,42.3527148,False
967,IA3448567313,-92.9073355,42.3539854,False
968,IA3448567315,-92.903399,42.3539965,False
969,IA3827331652,-92.7278256,42.1376032,False
970,IA3829889152,-92.5809963,42.1742307,False
971,IA3974265590,-92.6774965,42.0924331,False
972,IA4705479894,-92.4552995,42.4063832,False
973,IA4814101552,-92.4504044,42.340834,False
974,IA5105675566,-92.4560781,42.3976998,False
975,IA5105675568,-92.4557528,42.3977852,False
976,IA5105675570,-92.4554456,42.3954085,False
977,IA5105675595,-92.455608,42.3957984,False
978,IA5117730448,-92.4656417,42.4574622,False
979,IA5117730502,-92.466119,42.4503049,False
980,IA5118051903,-92.4657355,42.4695933,False
981,IA5118051908,-92.4546188,42.4693955,False
982,IA5118051918,-92.4666605,42.4695353,False
983,IA5118051934,-92.4541247,42.4696359,False
984,IA5118051938,-92.4541436,42.4693848,False
985,IA5118051947,-92.4546179,42.4696523,False
986,IA5801502115,-92.4657345,42.4695119,False
987,IA5801502116,-92.4655707,42.4695927,True
988,IA9168095793,-92.4500803,42.4696269,True
989,IA9288414895,-92.8001957,42.3987808,False
990,IA10218743563,-92.4506135,42.4092389,False
991,IA10218743568,-92.450169,42.4091173,False
992,IA10218743569,-92.4506233,42.408518,False
993,IA10218743574,-92.4509425,42.4086885,False
994,IA10734080128,-92.4501463,42.4694304,False
995,IA158949322,-93.0453278,40.8628685,False
996,IA158950780,-93.030302,40.743515,False
997,IA158950786,-93.0445189,40.7463626,False
998,IA158950797,-93.0779072,40.7464003,False
999,IA158956086,-93.0778435,40.7310185,False
1000,IA158957560,-93.0591913,40.7900884,False
1001,IA158962276,-92.9827698,40.7682892,False
1002,IA158962579,-93.030302,40.740047,False
1003,IA158964873,-93.021455,40.891775,False
1004,IA160314136,-93.303399,41.0253857,True
1005,IA160314154,-93.3034294,41.0181365,True
1006,IA160314161,-93.3034758,41.0144166,True
1007,IA160314315,-93.3846877,40.9412106,False
1008,IA160314877,-93.2126382,41.0004426,False
1009,IA160315445,-93.272891,41.0882284,False
1010,IA160315479,-93.312098,41.0050001,False
1011,IA160315481,-93.3081464,41.005282,False
1012,IA160315482,-93.30605,41.0047592,False
1013,IA160319278,-93.3317632,41.0140681,False
1014,IA160319612,-93.3657978,41.0288633,False
1015,IA160321636,-93.3280966,41.0269775,True
1016,IA160322570,-93.3073401,40.9487584,False
1017,IA160324104,-93.3848951,40.9853053,False
1018,IA160324456,-93.3370606,41.0289685,False
1019,IA160326111,-93.3276981,41.0245453,True
1020,IA160326113,-93.3277076,41.0145781,True
1021,IA160327137,-93.19103,41.1463432,False
1022,IA160327208,-93.2509848,41.1092203,False
1023,IA160327284,-93.3033793,41.0356999,False
1024,IA160327586,-93.3657957,41.0143816,False
1025,IA160327589,-93.3349761,41.0145199,False
1026,IA160327679,-93.1936334,41.0006817,False
1027,IA160328001,-93.2600863,40.9790742,False
1028,IA160328016,-93.2125676,40.9802309,False
1029,IA160328106,-93.2987258,41.002513,False
1030,IA160328259,-93.3034518,41.0109343,True
1031,IA160328558,-93.0991112,41.1469036,False
1032,IA160329231,-93.1030807,40.9771677,False
1033,IA160330206,-93.188557,40.981667,False
1034,IA160330227,-93.1981638,40.9819353,False
1035,IA160333786,-93.1363973,41.0007828,False
1036,IA160334650,-93.3652765,41.1023237,False
1037,IA160457940,-93.1411838,41.2045623,False
1038,IA160507197,-93.0494374,40.9749595,False
1039,IA160512348,-92.95382,40.9489438,False
1040,IA160513703,-92.9844961,41.1539253,False
1041,IA160515534,-93.0982884,40.9784108,False
1042,IA160516589,-92.9737846,40.976469,False
1043,IA160521090,-92.9852752,41.1536979,False
1044,IA160524700,-93.0472414,40.9752922,False
1045,IA161296821,-93.29831,40.782758,False
1046,IA161303403,-93.135789,40.862616,False
1047,IA161309790,-93.49469,40.761097,False
1048,IA161312578,-93.3180884,40.7642651,False
1049,IA161313590,-93.422572,40.767905,False
1050,IA161313602,-93.422524,40.760511,False
1051,IA161315831,-93.324805,40.757164,False
1052,IA161318490,-93.403585,40.841767,False
1053,IA161318496,-93.403592,40.840917,False
1054,IA161318712,-93.16416,40.86302,False
1055,IA161318777,-93.212279,40.862947,False
1056,IA161318943,-93.365204,40.756881,False
1057,IA161319169,-93.317825,40.884427,False
1058,IA161319209,-93.317381,40.847949,False
1059,IA161319220,-93.317401,40.840728,False
1060,IA161319252,-93.3199396,40.8261629,False
1061,IA161319979,-93.259996,40.85153,False
1062,IA161319985,-93.260089,40.884031,False
1063,IA161325892,-93.307559,40.755888,False
1064,IA161325958,-93.269342,40.753622,False
1065,IA161326157,-93.1927497,40.7464563,False
1066,IA161326529,-93.374422,40.756952,False
1067,IA161326637,-93.1259564,40.7465076,True
1068,IA161327864,-93.289001,40.884684,False
1069,IA161328004,-93.384214,40.888281,False
1070,IA161328684,-93.3748386,40.7678841,False
1071,IA161329435,-93.317224,40.75717,True
1072,IA161330352,-93.2122087,40.8413372,False
1073,IA161331414,-93.321918,40.757187,False
1074,IA161332026,-93.384504,40.840924,False
1075,IA161332041,-93.402573,40.840951,False
1076,IA161332080,-93.135456,40.841075,False
1077,IA161332365,-93.28873,40.849632,False
1078,IA161335375,-93.288279,40.82617,False
1079,IA161338451,-93.269276,40.782618,False
1080,IA161338476,-93.298709,40.782571,False
1081,IA161344344,-93.125973,40.730341,False
1082,IA391240613,-93.1449866,40.7464828,True
1083,IA560120661,-93.0432668,40.7678447,False
1084,IA560120709,-93.0412715,40.7687522,False
1085,IA927481337,-93.3308406,41.0145361,False
1086,IA927481411,-93.3080944,41.0041199,False
1087,IA927481421,-93.3058735,41.0047568,False
1088,IA927481446,-93.3081089,41.0042883,False
1089,IA1097385559,-93.3315107,41.0142803,False
1090,IA1557713033,-93.2876758,41.0046071,True
1091,IA1557713037,-93.2811223,41.0040851,True
1092,IA1557713048,-93.2849366,41.0045698,False
1093,IA12029981152,-93.2830888,41.0042317,False
1094,IA12029981157,-93.2862089,41.0045062,False
1095,IA12029995979,-93.3322712,41.0141763,False
1096,IA12365278445,-92.9535845,40.9494625,True
1097,IA12365278451,-92.9531321,40.9493205,False
1098,IA160005457,-93.303191,41.601204,False
1099,IA160005460,-93.303189,41.601523,False
1100,IA160005838,-93.255944,41.596643,False
1101,IA160005855,-93.249404,41.595589,False
1102,IA160005880,-93.244169,41.59133,False
1103,IA160006945,-93.159333,41.566255,False
1104,IA160006948,-93.159561,41.566101,False
1105,IA160009746,-93.097162,41.580771,False
1106,IA160012817,-93.24496,41.591405,False
1107,IA160012841,-93.2511707,41.5928704,False
1108,IA160014657,-93.107083,41.5112331,False
1109,IA160014684,-93.101115,41.510265,False
1110,IA160014707,-93.0935404,41.5112692,False
1111,IA160014714,-93.0939784,41.5115304,False
1112,IA160014732,-93.1012801,41.512498,False
1113,IA160014753,-93.1079679,41.5115139,False
1114,IA160040435,-93.132291,41.544386,False
1115,IA160047250,-93.13005,41.538944,False
1116,IA160047285,-93.127993,41.544044,False
1117,IA160047308,-93.131608,41.547963,False
1118,IA160048927,-93.1805186,41.5797131,False
1119,IA160048931,-93.1802563,41.5798721,False
1120,IA160049901,-93.1304147,41.5398312,False
1121,IA160049966,-93.134519,41.549587,False
1122,IA160050542,-93.201872,41.5881295,False
1123,IA160050544,-93.201901,41.588374,False
1124,IA160051207,-93.2519543,41.594893,False
1125,IA160080426,-93.096974,41.573532,False
1126,IA160082586,-92.973874,41.616146,False
1127,IA160084755,-93.0235217,41.5790811,False
1128,IA160087382,-93.023511,41.5770551,False
1129,IA160088285,-93.0634914,41.515474,False
1130,IA160089050,-93.174432,41.61546,False
1131,IA160089680,-93.291822,41.522392,False
1132,IA160090381,-93.178527,41.522503,False
1133,IA160090476,-93.1787313,41.5660602,False
1134,IA160093065,-93.272119,41.601351,False
1135,IA160093067,-93.27227,41.601096,False
1136,IA160093274,-93.233932,41.596596,True
1137,IA160093445,-93.1062767,41.5224282,True
1138,IA160096706,-93.233957,41.60105,False
1139,IA160103791,-92.9682875,41.580771,False
1140,IA160106548,-93.234052,41.522527,False
1141,IA160119515,-93.2323277,41.6299413,False
1142,IA160120557,-92.9754199,41.6305898,False
1143,IA160120771,-92.977765,41.551754,False
1144,IA160123293,-93.233941,41.566083,False
1145,IA160123565,-93.0445396,41.573493,False
1146,IA160127580,-93.1017999,41.5215363,True
1147,IA160129786,-93.101732,41.517228,False
1148,IA160130371,-93.038047,41.630492,False
1149,IA160137206,-93.2901793,41.6011822,False
1150,IA160137826,-93.2901743,41.601491,False
1151,IA160141041,-93.291152,41.660113,False
1152,IA160157249,-93.301487,41.565963,False
1153,IA160159324,-93.174597,41.629986,False
1154,IA160443364,-92.9861011,41.4652341,False
1155,IA160443376,-93.3283757,41.4649594,False
1156,IA160443727,-93.1335176,41.3163204,False
1157,IA160443739,-93.1318693,41.311962,False
1158,IA160443753,-93.1352079,41.3151905,False
1159,IA160444363,-93.1461792,41.3217237,False
1160,IA160444386,-93.1340393,41.3207802,False
1161,IA160445140,-93.0258078,41.2043577,False
1162,IA160445142,-93.024265,41.2041024,False
1163,IA160445256,-93.062464,41.3148163,False
1164,IA160445375,-92.950554,41.4106552,False
1165,IA160448501,-93.1091608,41.3925816,False
1166,IA160448701,-92.9477929,41.3373141,False
1167,IA160449353,-93.0484293,41.3003941,False
1168,IA160453129,-93.300408,41.370876,False
1169,IA160454383,-93.1817212,41.3923182,False
1170,IA160454885,-93.3007216,41.4360994,False
1171,IA160454891,-93.3031106,41.4235369,False
1172,IA160457982,-93.0297821,41.320089,False
1173,IA160458042,-92.9623867,41.4072847,False
1174,IA160458054,-93.0233433,41.341745,False
1175,IA160458063,-92.9936321,41.3421732,False
1176,IA160458231,-92.9479286,41.4776477,False
1177,IA160458552,-92.9478476,41.3315597,False
1178,IA160459303,-93.1915967,41.3856395,False
1179,IA160459317,-93.2517554,41.2117081,False
1180,IA160459359,-93.2719387,41.4361762,False
1181,IA160459402,-93.2715711,41.3947649,False
1182,IA160460129,-93.2420157,41.2117227,False
1183,IA160460303,-93.2618673,41.3543932,False
1184,IA160460429,-92.9462122,41.1970213,False
1185,IA160460522,-92.9731037,41.2258225,False
1186,IA160460561,-93.0151079,41.2294897,False
1187,IA160460660,-93.0714587,41.2986642,False
1188,IA160460710,-93.3223483,41.4326788,False
1189,IA160460911,-93.247457,41.280739,False
1190,IA160461097,-92.9595154,41.1862399,False
1191,IA160461167,-93.1316792,41.3207885,False
1192,IA160463794,-93.0239755,41.3785264,False
1193,IA160463877,-92.929097,41.3184224,False
1194,IA160464556,-93.0246344,41.2046874,False
1195,IA160465411,-93.1094823,41.3207323,True
1196,IA160466413,-93.086592,41.3189731,True
1197,IA160468446,-93.2619512,41.3856206,True
1198,IA160469449,-93.1378928,41.2986959,False
1199,IA160470667,-93.1766643,41.3244815,False
1200,IA160471937,-93.0387151,41.4645604,False
1201,IA160472918,-93.101047,41.4726057,False
1202,IA160472926,-93.1011885,41.4364878,False
1203,IA160472963,-93.1106589,41.4018156,False
1204,IA160474190,-93.0727505,41.3945921,True
1205,IA160476138,-92.9582147,41.4079279,False
1206,IA160476142,-92.9519998,41.4101516,False
1207,IA160477819,-93.328013,41.200558,False
1208,IA160478540,-92.9497402,41.4074001,False
1209,IA160480227,-93.0857254,41.3422256,False
1210,IA160480580,-92.9922503,41.3425968,False
1211,IA160481415,-93.0743873,41.3015288,False
1212,IA160786383,-93.423336,41.600192,False
1213,IA160786386,-93.423307,41.600395,False
1214,IA160855057,-93.3771832,41.5509164,False
1215,IA160855090,-93.377333,41.579891,False
1216,IA160856582,-93.377462,41.600541,False
1217,IA160856589,-93.377467,41.600905,False
1218,IA160856619,-93.377559,41.644262,True
1219,IA160884820,-93.365118,41.579911,False
1220,IA160891367,-93.423259,41.600676,False
1221,IA160893768,-93.40648,41.619508,False
1222,IA160908682,-93.406449,41.644255,False
1223,IA160912821,-93.4177359,41.5998478,False
1224,IA160912825,-93.417723,41.600058,False
1225,IA160912829,-93.417674,41.600691,False
1226,IA160913166,-93.366989,41.600567,False
1227,IA160913438,-93.366975,41.600931,False
1228,IA160920891,-93.357873,41.521943,False
1229,IA160922042,-93.40644,41.6587687,False
1230,IA160927553,-93.4064491,41.6660035,False
1231,IA160940302,-93.357948,41.529198,False
1232,IA160945797,-93.357885,41.549749,False
1233,IA160949906,-93.4064713,41.6732732,False
1234,IA160956286,-93.406502,41.629749,False
1235,IA160965430,-93.413751,41.5794268,False
1236,IA160977294,-93.406277,41.600223,False
1237,IA160977347,-93.406291,41.600418,False
1238,IA160978878,-93.406303,41.600768,False
1239,IA161194668,-93.328356,41.200559,False
1240,IA161201667,-93.402998,41.465479,False
1241,IA161203365,-93.435563,41.433952,False
1242,IA161205493,-93.404819,41.436051,False
1243,IA161211175,-93.38537,41.189556,False
1244,IA161216784,-93.405221,41.291379,False
1245,IA161216838,-93.367565,41.290997,False
1246,IA161217994,-93.3289254,41.4374305,False
1247,IA161217997,-93.3293219,41.4369437,False
1248,IA161220304,-93.38618,41.370955,False
1249,IA161221162,-93.356554,41.442414,False
1250,IA161221420,-93.44287,41.48048,False
1251,IA161222077,-93.442873,41.480171,False
1252,IA161222390,-93.35669,41.442183,False
1253,IA161222484,-93.329556,41.436721,False
1254,IA161223426,-93.500089,41.182894,False
1255,IA161223713,-93.597667,41.187191,False
1256,IA161223841,-93.654511,41.190918,False
1257,IA161233975,-93.438777,41.372357,False
1258,IA161236560,-93.41455,41.24723,False
1259,IA161240126,-93.357368,41.370984,False
1260,IA161270967,-93.4004933,41.370932,False
1261,IA352906427,-93.0289991,41.4546964,False
1262,IA352906475,-93.0287566,41.454886,False
1263,IA352906483,-93.040008,41.4683718,False
1264,IA391214182,-93.403,41.465733,False
1265,IA403407706,-93.2650566,41.3653846,False
1266,IA403408831,-93.2653271,41.365216,False
1267,IA403410425,-93.2802754,41.3842406,False
1268,IA403412937,-93.2806169,41.3841887,False
1269,IA403414304,-93.3220496,41.4330122,False
1270,IA403418013,-93.2855373,41.400685,False
1271,IA403418018,-93.2852189,41.4007796,False
1272,IA409719392,-93.2618225,41.3560964,False
1273,IA409719402,-93.2593126,41.3538847,False
1274,IA409719420,-93.0659321,41.300344,False
1275,IA409719421,-93.0801003,41.3001135,False
1276,IA409719422,-93.1027497,41.3020097,True
1277,IA409719423,-93.1152449,41.3054246,True
1278,IA409719428,-93.1160235,41.3053829,True
1279,IA409719430,-93.1029303,41.3017595,False
1280,IA409719436,-93.0804927,41.2998299,False
1281,IA409719437,-93.0654728,41.3001023,False
1282,IA409719445,-93.1094856,41.3027939,False
1283,IA409719449,-93.1094729,41.3046212,True
1284,IA599070875,-93.2483452,41.5964791,False
1285,IA1188439882,-93.0390225,41.4644141,False
1286,IA1188440127,-93.0403486,41.4682974,False
1287,IA1229260082,-92.9508338,41.4073875,True
1288,IA1300237579,-92.9641648,41.3827677,True
1289,IA1391256444,-93.0359678,41.4655807,False
1290,IA1690518562,-93.2247552,41.3378287,False
1291,IA1707688452,-93.1766658,41.3249268,False
1292,IA1707688690,-93.2243464,41.3381522,False
1293,IA1820974142,-93.1313865,41.3118688,False
1294,IA1834414461,-93.1453783,41.3219286,False
1295,IA1946483746,-93.3026421,41.4239053,False
1296,IA2457562532,-93.2619128,41.3529852,False
1297,IA2457562533,-93.2619826,41.3544163,False
1298,IA2457562534,-93.2657748,41.3553281,False
1299,IA2457562535,-93.2618568,41.3545191,False
1300,IA2457562536,-93.2619776,41.3545507,False
1301,IA7305563468,-93.3367615,41.4381193,False
1302,IA7305563469,-93.3366861,41.4385405,False
1303,IA7321673175,-93.2909507,41.4094378,False
1304,IA7321673176,-93.2914137,41.4092311,False
1305,IA7345400335,-93.2163014,41.3333283,False
1306,IA7345400344,-93.2165606,41.3329181,False
1307,IA7371702939,-93.3699518,41.4477982,False
1308,IA7371702940,-93.3695734,41.4481161,False
1309,IA7377482271,-93.326204,41.4348289,False
1310,IA7377482279,-93.3259852,41.435052,False
1311,IA9034091318,-92.9918984,41.3421628,False
1312,IA9332683364,-93.0397282,41.4684501,False
1313,IA9332683366,-93.0400728,41.4685636,False
1314,IA9332683372,-93.0358932,41.4654735,False
1315,IA10728519343,-92.9623845,41.4140867,False
1316,IA10728519350,-92.9585704,41.4133846,False
1317,IA10928065390,-93.4065794,41.4654964,False
1318,IA10928065391,-93.4065403,41.4652437,False
1319,IA10928234387,-93.3904581,41.4617969,False
1320,IA10928234388,-93.3907483,41.4615396,False
1321,IA160000188,-93.029098,41.713494,False
1322,IA160003465,-93.2409124,41.6934421,False
1323,IA160003490,-93.2468134,41.693186,False
1324,IA160003573,-93.2468091,41.6936873,False
1325,IA160003622,-93.2524369,41.6910776,True
1326,IA160003630,-93.247416,41.6931009,False
1327,IA160003642,-93.2468142,41.6930551,False
1328,IA160003769,-93.2414625,41.6931498,True
1329,IA160003795,-93.2461617,41.690182,True
1330,IA160003807,-93.2468,41.689076,False
1331,IA160005811,-93.1792812,41.6914927,False
1332,IA160005820,-93.17992,41.69174,False
1333,IA160005832,-93.183815,41.692229,False
1334,IA160008050,-93.053233,41.70765,False
1335,IA160010649,-93.077042,41.6842041,False
1336,IA160010675,-93.0780778,41.6842795,True
1337,IA160010694,-93.0815028,41.6830528,False
1338,IA160013720,-93.181558,41.688717,False
1339,IA160013729,-93.180798,41.6889,False
1340,IA160013753,-93.175501,41.68879,False
1341,IA160024340,-93.0774011,41.6856553,True
1342,IA160024399,-93.0077739,41.6829794,True
1343,IA160024436,-93.000357,41.6844374,False
1344,IA160024771,-93.0390687,41.6800545,False
1345,IA160026375,-93.071609,41.683911,False
1346,IA160026400,-93.0770648,41.6846548,False
1347,IA160026403,-93.0773446,41.6844911,False
1348,IA160026479,-93.0781169,41.6832268,False
1349,IA160026539,-93.076929,41.6822103,False
1350,IA160026608,-93.0769248,41.6821591,False
1351,IA160026656,-93.071475,41.68368,True
1352,IA160027046,-93.0098549,41.6885919,False
1353,IA160027790,-93.062836,41.695586,False
1354,IA160029083,-93.058184,41.776467,False
1355,IA160033713,-93.2468017,41.6898086,False
1356,IA160033735,-93.2543398,41.6904367,False
1357,IA160033807,-93.2467984,41.690111,False
1358,IA160033896,-93.175672,41.689078,False
1359,IA160033913,-93.1791929,41.6915953,False
1360,IA160049294,-92.9998916,41.6812913,False
1361,IA160049313,-92.9992644,41.681334,False
1362,IA160049400,-92.9998334,41.6847632,False
1363,IA160049404,-92.9998959,41.6845159,False
1364,IA160053009,-93.088726,41.68836,False
1365,IA160055946,-93.0328635,41.6927436,True
1366,IA160057997,-92.999762,41.701805,False
1367,IA160058248,-92.9925874,41.6823794,False
1368,IA160058274,-92.999502,41.684405,False
1369,IA160060721,-93.0574119,41.702376,True
1370,IA160062624,-93.1789556,41.6919206,False
1371,IA160062707,-93.184354,41.692223,False
1372,IA160062728,-93.1807672,41.6897042,False
1373,IA160063212,-93.0027304,41.68716,False
1374,IA160063593,-93.0077279,41.6827735,False
1375,IA160068142,-93.181216,41.689181,False
1376,IA160080180,-93.029069,41.70648,True
1377,IA160080224,-93.038759,41.706364,False
1378,IA160080238,-93.043522,41.706402,False
1379,IA160080241,-93.044148,41.706407,False
1380,IA160080250,-93.049813,41.70642,False
1381,IA160080257,-93.053221,41.706379,False
1382,IA160081966,-92.9734877,41.6740607,False
1383,IA160082126,-93.2634065,41.8418959,False
1384,IA160082928,-93.1402084,41.6956361,False
1385,IA160083570,-93.0756236,41.6990539,False
1386,IA160083602,-93.0775218,41.6883533,False
1387,IA160083657,-92.996519,41.7025,False
1388,IA160084344,-93.0772519,41.6883495,False
1389,IA160084373,-93.0754758,41.6990561,False
1390,IA160084850,-93.058021,41.705446,False
1391,IA160084859,-93.062097,41.705538,False
1392,IA160085878,-93.057852,41.71719,True
1393,IA160085900,-93.0583594,41.820154,False
1394,IA160086058,-93.0573957,41.6995047,False
1395,IA160086099,-93.057987,41.70762,False
1396,IA160086377,-93.028951,41.6933451,True
1397,IA160086573,-93.2321886,41.6731892,False
1398,IA160086617,-93.2453473,41.67347,True
1399,IA160086921,-93.057968,41.692832,False
1400,IA160086973,-93.057991,41.695572,False
1401,IA160088121,-93.053709,41.692625,False
1402,IA160088137,-93.048303,41.692751,False
1403,IA160088157,-93.043467,41.692742,False
1404,IA160088169,-93.038634,41.69274,False
1405,IA160089194,-93.09622,41.6157509,False
1406,IA160089946,-93.0235545,41.70277,False
1407,IA160090261,-93.0144737,41.6991808,False
1408,IA160090269,-93.0192847,41.6991548,False
1409,IA160090284,-93.0289421,41.6991575,False
1410,IA160090287,-93.0327096,41.6991501,False
1411,IA160090297,-93.0386556,41.6992097,False
1412,IA160090312,-93.0435179,41.6992694,False
1413,IA160090330,-93.0497691,41.6995736,False
1414,IA160090683,-93.204117,41.776603,False
1415,IA160092023,-92.9755454,41.776306,True
1416,IA160092769,-92.9416114,41.776302,False
1417,IA160094513,-93.066183,41.691509,False
1418,IA160095740,-93.0778898,41.6991348,True
1419,IA160095787,-93.066222,41.699382,False
1420,IA160095789,-93.0628118,41.699463,False
1421,IA160095798,-93.0536041,41.6995388,True
1422,IA160096833,-93.174089,41.77359,False
1423,IA160099134,-92.9757696,41.819803,False
1424,IA160099346,-93.328732,41.79852,False
1425,IA160099742,-93.1452641,41.776531,False
1426,IA160100671,-93.2535222,41.8490632,False
1427,IA160100746,-93.173913,41.695562,False
1428,IA160100849,-93.048323,41.688384,False
1429,IA160100855,-93.043482,41.688386,True
1430,IA160100863,-93.038631,41.688368,False
1431,IA160100871,-93.0289103,41.6883341,False
1432,IA160102173,-93.1936107,41.820265,False
1433,IA160102211,-93.1738554,41.8200945,False
1434,IA160103653,-93.043432,41.702758,False
1435,IA160103664,-93.043551,41.70276,False
1436,IA160103707,-93.044149,41.709612,False
1437,IA160103889,-93.2467634,41.695139,True
1438,IA160103950,-93.2488533,41.71741,False
1439,IA160104011,-93.2512948,41.731933,False
1440,IA160104039,-93.2513816,41.746443,False
1441,IA160104205,-93.07676,41.6883521,True
1442,IA160108931,-93.2704041,41.848962,False
1443,IA160109234,-93.038763,41.709973,True
1444,IA160109248,-93.029079,41.709979,True
1445,IA160109641,-93.0144607,41.702785,False
1446,IA160109645,-93.0192983,41.7027821,True
1447,IA160109660,-93.0497969,41.7024101,False
1448,IA160109671,-93.0536137,41.702395,False
1449,IA160109688,-93.029071,41.70277,False
1450,IA160109696,-93.031224,41.702766,False
1451,IA160109720,-93.03867,41.702723,False
1452,IA160111464,-92.9417691,41.819707,False
1453,IA160112671,-93.3094108,41.798434,False
1454,IA160112690,-93.3231952,41.7984979,False
1455,IA160115162,-93.0972192,41.820272,False
1456,IA160116267,-93.0628126,41.702757,False
1457,IA160116279,-93.0746679,41.7027236,False
1458,IA160119220,-93.274955,41.767234,False
1459,IA160119277,-93.280478,41.776585,False
1460,IA160119914,-93.0597069,41.7208968,False
1461,IA160120163,-93.251279,41.820289,False
1462,IA160120169,-93.2609755,41.820218,False
1463,IA160124737,-93.066187,41.695574,False
1464,IA160127024,-93.0869413,41.722165,False
1465,IA160127360,-92.9999818,41.717319,False
1466,IA160128218,-93.30932,41.731841,False
1467,IA160129286,-93.053244,41.71717,False
1468,IA160129308,-93.0290995,41.717189,False
1469,IA160129342,-93.0163525,41.716907,False
1470,IA160130404,-93.0379654,41.6305731,False
1471,IA160130549,-93.0390903,41.659686,False
1472,IA160135808,-93.174019,41.717318,False
1473,IA160138676,-93.2512929,41.776629,False
1474,IA160139051,-93.0748393,41.7020177,False
1475,IA160140052,-93.1449492,41.742575,False
1476,IA160141168,-93.114523,41.699105,False
1477,IA160143605,-93.0769587,41.6594,False
1478,IA160154037,-93.0144538,41.7100184,False
1479,IA160154780,-93.1739842,41.8490033,False
1480,IA160154941,-93.309358,41.849206,False
1481,IA160156819,-92.982093,41.649218,False
1482,IA160157853,-93.173977,41.746227,False
1483,IA160159192,-93.08253,41.63037,False
1484,IA160163467,-93.059752,41.707627,False
1485,IA160453568,-93.1643096,41.9279062,False
1486,IA160453593,-93.0969645,41.9282225,False
1487,IA160453658,-93.0970256,41.8772352,False
1488,IA160453666,-93.0965191,41.9355422,False
1489,IA160453672,-93.0964882,41.9414313,False
1490,IA160453694,-93.0979067,41.9555032,False
1491,IA160453725,-93.0978415,42.0082244,False
1492,IA160453732,-93.0981671,42.0154449,False
1493,IA160453770,-93.0973122,42.0772497,False
1494,IA160454305,-93.0191227,41.8770665,False
1495,IA160454332,-93.0192535,41.9352511,False
1496,IA160456357,-93.0257176,42.0084412,False
1497,IA160456377,-93.0220915,42.0068718,False
1498,IA160456387,-93.028301,42.0081892,False
1499,IA160457745,-93.1836575,41.9254822,False
1500,IA160460137,-93.0004,42.0703909,False
1501,IA160461682,-93.1943738,42.0221471,False
1502,IA160461697,-93.1952323,42.0776199,False
1503,IA160461781,-93.1926314,41.8911132,False
1504,IA160465061,-93.1739655,41.8772091,False
1505,IA160465216,-92.9608156,41.8840486,False
1506,IA160465995,-93.1071776,41.948051,False
1507,IA160465998,-93.1074738,41.9483196,False
1508,IA160466496,-93.103289,41.9432233,False
1509,IA160468545,-93.1573498,42.0174405,False
1510,IA160468658,-93.0000119,42.0260029,False
1511,IA160468675,-93.0002157,42.0487737,False
1512,IA160468983,-93.1690931,42.0150911,True
1513,IA160469000,-93.1635856,42.0166499,False
1514,IA160469011,-92.9612798,42.0489902,False
1515,IA160469598,-93.1639169,41.9111035,False
1516,IA160469626,-93.165158,42.0075729,False
1517,IA160469739,-92.9614937,42.0075035,False
1518,IA160469777,-93.0391616,42.0081773,False
1519,IA160469818,-93.1845249,42.0074387,False
1520,IA160470144,-93.1742823,41.903858,False
1521,IA160473072,-92.9605031,42.0334578,False
1522,IA160473720,-93.0391134,42.0153435,False
1523,IA160477025,-93.0028759,42.0247928,False
1524,IA160477189,-93.1628477,42.0136438,False
1525,IA160480649,-93.1660139,42.0136297,False
1526,IA160481287,-93.030176,42.0152497,False
1527,IA160481372,-92.9321277,42.0418415,False
1528,IA160482567,-93.1957649,41.8889496,False
1529,IA160720689,-93.388187,41.68068,False
1530,IA160720705,-93.39248,41.680795,False
1531,IA160720715,-93.3948905,41.680585,False
1532,IA160728069,-93.3677751,41.6823207,False
1533,IA160730646,-93.366881,41.763132,False
1534,IA160730647,-93.367043,41.763367,False
1535,IA160754359,-93.367793,41.6783909,False
1536,IA160754430,-93.368133,41.6802498,False
1537,IA160780210,-93.399326,41.680382,False
1538,IA160780215,-93.397144,41.680246,False
1539,IA160780233,-93.3929047,41.6801351,False
1540,IA160780251,-93.3900535,41.6803459,False
1541,IA160832457,-93.406907,41.731127,False
1542,IA160832632,-93.4071786,41.7312488,False
1543,IA160842148,-93.367782,41.673292,False
1544,IA160848290,-93.382196,41.699194,False
1545,IA160850943,-93.367621,41.834721,False
1546,IA160850966,-93.4062235,41.8346639,False
1547,IA160851020,-93.463732,41.834382,False
1548,IA160852714,-93.411266,41.731791,False
1549,IA160852719,-93.425807,41.7319181,False
1550,IA160852733,-93.444975,41.731957,False
1551,IA160852760,-93.367657,41.731791,False
1552,IA160871566,-93.4426,41.702215,False
1553,IA160877291,-93.3822758,41.6883725,False
1554,IA160877298,-93.3677783,41.6883649,False
1555,IA160891357,-93.425867,41.742798,False
1556,IA160891578,-93.425808,41.658645,False
1557,IA160891588,-93.425836,41.64413,False
1558,IA160891593,-93.425826,41.629633,False
1559,IA160898537,-93.3672473,41.8056739,False
1560,IA160898571,-93.405983,41.805691,False
1561,IA160898600,-93.45259,41.805482,False
1562,IA160898795,-93.35811,41.666035,True
1563,IA160899528,-93.406457,41.702874,False
1564,IA160919017,-93.3485968,41.6154525,False
1565,IA160921560,-93.401545,41.711525,False
1566,IA160922053,-93.35366,41.6588,False
1567,IA160927522,-93.372625,41.666027,False
1568,IA160927953,-93.367734,41.710059,False
1569,IA160937978,-93.363318,41.776653,False
1570,IA160937980,-93.3630091,41.7766518,False
1571,IA160945589,-93.358186,41.640737,False
1572,IA160966696,-93.3674632,41.7766392,False
1573,IA160966795,-93.3677974,41.6783148,False
1574,IA160966855,-93.367682,41.746282,False
1575,IA160978597,-93.4064167,41.6970234,False
1576,IA160978821,-93.4064047,41.6883814,False
1577,IA160984351,-93.3879144,41.7462037,False
1578,IA160984384,-93.34832,41.7464569,False
1579,IA161040007,-93.306465,42.022477,False
1580,IA161040019,-93.3074744,42.0227234,False
1581,IA161044510,-93.251119,41.914724,False
1582,IA161055855,-93.301862,42.00781,False
1583,IA161055886,-93.308572,42.009085,False
1584,IA161055888,-93.309387,42.009061,False
1585,IA161057718,-93.3912098,42.007905,False
1586,IA161091166,-93.406167,42.007986,False
1587,IA161096460,-93.3090525,42.0224771,False
1588,IA161096500,-93.3098323,42.0224853,True
1589,IA161098263,-93.30908,42.00781,False
1590,IA161098849,-93.304253,42.007584,False
1591,IA161098904,-93.315077,42.007915,False
1592,IA161099568,-93.312658,42.02251,False
1593,IA161110408,-93.3075087,42.0224778,False
1594,IA161121240,-93.309715,42.1071759,False
1595,IA161122161,-93.405812,41.979174,False
1596,IA161122215,-93.434894,41.979281,False
1597,IA161126263,-93.270437,41.86288,False
1598,IA161131525,-93.407583,41.878239,False
1599,IA161132484,-93.405649,42.070648,False
1600,IA161138466,-93.347928,41.892071,False
1601,IA161138504,-93.347775,41.9354863,False
1602,IA161138543,-93.347639,41.964683,False
1603,IA161138613,-93.347491,42.008275,True
1604,IA161138616,-93.347496,42.008476,False
1605,IA161138740,-93.347561,42.0226,False
1606,IA161141455,-93.309099,41.906504,True
1607,IA161143970,-93.309384,41.964521,False
1608,IA161144020,-93.2512067,41.9644804,False
1609,IA161145167,-93.309593,42.048811,False
1610,IA161145219,-93.2511516,42.0487634,False
1611,IA161149075,-93.2510544,41.9351694,False
1612,IA161149107,-93.309221,41.935442,False
1613,IA161151135,-93.40534,41.928553,False
1614,IA161155152,-93.2512097,42.0778234,False
1615,IA161155178,-93.309601,42.077969,False
1616,IA161155259,-93.405807,42.078004,False
1617,IA161157640,-93.251136,41.888155,False
1618,IA161157716,-93.2510477,41.9301884,False
1619,IA161157859,-93.2512597,42.0076644,False
1620,IA161157862,-93.2512501,42.0078834,False
1621,IA161159354,-93.4056884,42.022607,False
1622,IA161161154,-93.309054,41.892002,False
1623,IA161162475,-93.3996867,41.884764,False
1624,IA161166679,-93.39965,41.8921,False
1625,IA161170704,-93.3912237,42.0076948,False
1626,IA161170714,-93.4057551,42.007759,False
1627,IA161173042,-93.4057544,42.007985,False
1628,IA161180186,-93.309377,42.1227556,False
1629,IA313284985,-92.9871066,42.0073037,False
1630,IA313289752,-92.9879579,42.0075735,False
1631,IA351965061,-93.0391652,42.0083504,False
1632,IA351965206,-93.0116364,42.0077578,False
1633,IA351965281,-93.0216387,42.0067519,False
1634,IA351965479,-93.0188503,42.0091517,False
1635,IA351965480,-93.0128493,42.0080122,False
1636,IA351965481,-93.0192915,42.009239,False
1637,IA351965523,-93.0172,42.0114321,False
1638,IA351965530,-93.0166633,42.011197,False
1639,IA351965715,-93.0125867,42.0179818,False
1640,IA351965899,-93.1157767,41.9425606,False
1641,IA351965900,-93.1154279,41.9423143,True
1642,IA351971641,-93.1953624,41.8886376,False
1643,IA351971644,-93.1636922,41.9109002,False
1644,IA351973441,-92.9612372,42.0042333,False
1645,IA351973458,-92.9609782,42.0025606,False
1646,IA391136952,-92.999957,41.702766,False
1647,IA391137008,-93.0767089,41.6776687,False
1648,IA391137078,-93.048479,41.68061,False
1649,IA391144821,-93.4258076,41.7164713,False
1650,IA391144822,-93.42581,41.7161247,False
1651,IA391144827,-93.445081,41.68843,False
1652,IA391189075,-93.144816,41.820021,True
1653,IA391201264,-93.35812,41.658796,False
1654,IA391201271,-93.358116,41.655311,False
1655,IA391201282,-93.358165,41.6468144,False
1656,IA391201403,-93.3859932,41.6805518,False
1657,IA391201411,-93.374842,41.680272,False
1658,IA391201435,-93.367012,41.680488,False
1659,IA391201436,-93.360644,41.680642,False
1660,IA391234227,-93.309353,42.006314,False
1661,IA391234258,-93.309432,42.02484,False
1662,IA391234263,-93.309426,42.019764,False
1663,IA419160982,-93.3677812,41.6823795,False
1664,IA437641524,-93.0772057,41.6821812,False
1665,IA493023250,-93.3277599,41.7948611,False
1666,IA493023253,-93.3275368,41.7946836,False
1667,IA493023255,-93.3226933,41.7984991,False
1668,IA493023270,-93.3300637,41.7926703,False
1669,IA493023272,-93.3303058,41.7928411,False
1670,IA493075338,-93.2627981,41.8418936,False
1671,IA493075346,-93.253068,41.8490537,False
1672,IA597553314,-93.3677971,41.666035,False
1673,IA599046994,-93.4257161,41.6725024,False
1674,IA705457012,-93.0067774,41.6719282,False
1675,IA723764006,-93.1375074,41.9266438,False
1676,IA917916139,-93.2512725,42.022383,False
1677,IA924799493,-93.1741261,41.9036282,False
1678,IA924799539,-93.1377575,41.9269136,False
1679,IA924799568,-93.1923426,41.8907689,False
1680,IA924799685,-93.0975727,41.9552168,False
1681,IA1021292637,-93.0978396,42.0084448,False
1682,IA1021293628,-93.1651676,42.0077794,False
1683,IA1021293647,-93.1845305,42.0076416,False
1684,IA1386889337,-93.075704,41.6987907,False
1685,IA1386889348,-93.073044,41.6991388,False
1686,IA1386889355,-93.0750975,41.6991477,False
1687,IA1386889358,-93.0755961,41.6991481,False
1688,IA1386889360,-93.0754507,41.6991506,False
1689,IA1386889361,-93.0759425,41.6990554,False
1690,IA1386889367,-93.0753898,41.6993934,False
1691,IA1395141881,-93.3677808,41.7028277,False
1692,IA1605926192,-92.9601041,42.017835,False
1693,IA1685380392,-92.9709226,42.0074656,False
1694,IA1897913045,-93.0000863,41.6779297,False
1695,IA2678832899,-93.1642384,42.0078048,False
1696,IA2678832920,-93.1651797,42.0084146,False
1697,IA3569991838,-93.0005595,41.677896,False
1698,IA3958509327,-93.0483305,41.7171549,False
1699,IA4220728818,-93.0769399,41.6823809,False
1700,IA4220728822,-93.0765257,41.6822265,False
1701,IA4220728824,-93.0766571,41.6821678,False
1702,IA4220728837,-93.0769167,41.6819721,False
1703,IA4220776640,-93.0593934,41.7207845,False
1704,IA4220776680,-93.0631575,41.699455,False
1705,IA4220776681,-93.0594676,41.7211405,False
1706,IA4220778612,-93.0600642,41.7210312,False
1707,IA4220778625,-93.0772437,41.6880637,False
1708,IA4220778680,-93.0628163,41.6997383,False
1709,IA4220778709,-93.0599106,41.7206982,False
1710,IA4222927153,-93.0003013,41.681349,False
1711,IA4222927690,-92.9999665,41.684814,False
1712,IA4222927694,-92.9998901,41.680992,True
1713,IA4222961524,-92.999993,41.6782312,True
1714,IA4222961580,-92.9996994,41.67789,False
1715,IA4222961684,-93.0002432,41.6776211,False
1716,IA5473396857,-93.2968073,41.8191648,False
1717,IA5473396862,-93.3060262,41.812119,False
1718,IA5473396866,-93.302852,41.8161017,False
1719,IA5473396870,-93.3006484,41.8145147,False
1720,IA5473396875,-93.3062524,41.8114815,False
1721,IA5473396894,-93.2997435,41.8138613,True
1722,IA5473397782,-93.296746,41.818858,False
1723,IA7346108611,-93.4099081,41.7290863,False
1724,IA7346108612,-93.4096581,41.7289402,False
1725,IA7373936417,-93.0939203,41.9577509,False
1726,IA7373936418,-93.094289,41.9580152,False
1727,IA9440515581,-93.0583624,41.819925,False
1728,IA9440515583,-93.0580426,41.8201581,False
1729,IA9709987239,-93.0236033,41.7073245,False
1730,IA9849131865,-93.1651734,42.0080843,False
1731,IA9849131870,-93.1655961,42.0077678,False
1732,IA10994431305,-93.4057558,42.0075134,False
1733,IA10994431312,-93.4054457,42.0077599,False
1734,IA10994431317,-93.4060887,42.0077614,False
1735,IA10994431318,-93.4057536,42.0082515,False
1736,IA10994431331,-93.4054364,42.0079828,False
1737,IA159772846,-92.9441917,42.353954,False
1738,IA159772859,-93.0022913,42.3538103,False
1739,IA159776505,-93.0018641,42.2526732,False
1740,IA159776749,-93.0018919,42.2599321,False
1741,IA159776828,-93.0028225,42.4339406,False
1742,IA159785179,-93.5684051,42.4488762,False
1743,IA159785674,-93.5620834,42.4488802,False
1744,IA159822021,-93.3850733,42.4195291,False
1745,IA159822024,-93.3855885,42.4191752,False
1746,IA159824973,-93.1716039,42.281349,False
1747,IA159824983,-93.138293,42.3973851,False
1748,IA159824988,-93.1385717,42.4119005,False
1749,IA159824994,-93.1716483,42.2957075,False
1750,IA159825034,-93.1669294,42.3608876,False
1751,IA159825057,-93.1676753,42.3974128,False
1752,IA159825264,-93.0792481,42.3607773,True
1753,IA159825529,-93.1959478,42.2379156,False
1754,IA159825537,-93.176441,42.2451628,False
1755,IA159825691,-93.128074,42.3607612,False
1756,IA159825733,-93.3854553,42.3979761,False
1757,IA159825752,-93.3467893,42.3977075,False
1758,IA159825767,-93.3097237,42.3976559,True
1759,IA159825788,-93.2611237,42.397469,False
1760,IA159825801,-93.2164405,42.3974415,False
1761,IA159825808,-93.2066672,42.3974362,False
1762,IA159826690,-93.0220692,42.4049873,False
1763,IA159827239,-93.2086769,42.3607214,False
1764,IA159827248,-93.2319472,42.360639,False
1765,IA159827258,-93.2611196,42.3608093,False
1766,IA159827280,-93.0412495,42.3535418,False
1767,IA159827319,-93.0605725,42.3608212,False
1768,IA159827419,-93.3096763,42.3058601,False
1769,IA159827432,-93.2902281,42.3055213,True
1770,IA159829200,-93.2807368,42.4552037,False
1771,IA159830059,-93.0898993,42.307027,False
1772,IA159830146,-93.0649796,42.2452117,False
1773,IA159830281,-93.3726133,42.4173028,False
1774,IA159831134,-93.04086,42.281479,False
1775,IA159831144,-93.0409413,42.3105172,False
1776,IA159831293,-93.0868059,42.2880491,False
1777,IA159832140,-93.2999928,42.3055582,False
1778,IA159832247,-93.1179041,42.2087411,False
1779,IA159832263,-93.1178641,42.2449249,False
1780,IA159832287,-93.1186224,42.281677,False
1781,IA159832293,-93.1179159,42.2868065,False
1782,IA159832538,-93.2611554,42.4551977,False
1783,IA159832541,-93.310049,42.4553892,False
1784,IA159832548,-93.3465866,42.4552281,False
1785,IA159832578,-93.3796774,42.4573832,False
1786,IA159832611,-93.0621897,42.4073302,True
1787,IA159832635,-93.072554,42.4072401,True
1788,IA159832661,-93.1745906,42.2813726,False
1789,IA159832819,-93.0995148,42.3606328,True
1790,IA159833040,-93.3098011,42.3537575,False
1791,IA159833356,-93.4245857,42.2382726,False
1792,IA159833968,-93.3098519,42.2597774,False
1793,IA159833983,-93.2414992,42.2596664,False
1794,IA159834404,-93.1924136,42.4553692,False
1795,IA159834628,-93.0760954,42.2797283,False
1796,IA159834771,-93.3467074,42.4192812,False
1797,IA159835190,-93.0993334,42.3246144,False
1798,IA159835607,-93.385611,42.2455559,False
1799,IA159835709,-93.3856463,42.238207,False
1800,IA159835716,-93.3855864,42.4195527,True
1801,IA159835722,-93.3856056,42.4214328,False
1802,IA159836051,-93.3752814,42.4195033,False
1803,IA159836303,-93.2319642,42.2956766,False
1804,IA159837547,-93.0515636,42.4409849,False
1805,IA159837668,-93.3832244,42.4195443,False
1806,IA159838023,-93.2902767,42.3607304,False
1807,IA159838894,-93.0020297,42.2817257,False
1808,IA159838941,-93.3096968,42.2814844,False
1809,IA159838950,-93.3857292,42.2815435,False
1810,IA159838954,-93.4244625,42.2816363,False
1811,IA159838959,-93.4439513,42.2817021,False
1812,IA159839408,-93.2071473,42.4336573,False
1813,IA159840366,-93.1533916,42.433658,False
1814,IA159840392,-93.2612075,42.4335654,False
1815,IA159840737,-93.3097395,42.2380562,False
1816,IA159840772,-93.3098428,42.3584389,False
1817,IA159842477,-93.1531229,42.4481223,False
1818,IA159842713,-93.3856182,42.3537824,False
1819,IA159842840,-93.2414216,42.2379824,False
1820,IA159843375,-93.0428887,42.2453041,False
1821,IA160453528,-92.9345394,42.0490897,False
1822,IA160454096,-93.069609,42.1874031,False
1823,IA160454101,-93.0696676,42.2018252,False
1824,IA160454175,-92.9927316,42.1113636,False
1825,IA160461475,-93.195385,42.1904976,False
1826,IA160461719,-93.195142,42.1222663,False
1827,IA160461813,-93.1951127,42.1656214,False
1828,IA160461927,-92.990062,42.1073002,False
1829,IA160463395,-93.0890139,42.1729196,False
1830,IA160463404,-93.0877771,42.0774852,False
1831,IA160463411,-93.0881677,42.1065021,False
1832,IA160463425,-93.0883759,42.1403158,False
1833,IA160467068,-92.9347954,42.0527298,False
1834,IA160467200,-92.9872877,42.1226865,False
1835,IA160467335,-93.1562209,42.1221678,False
1836,IA160468373,-93.0004987,42.0777039,False
1837,IA160468404,-93.1561487,42.0775959,False
1838,IA160468580,-93.0009979,42.137063,False
1839,IA160469450,-92.990038,42.1133418,True
1840,IA160469557,-93.1660947,42.1660647,False
1841,IA160471102,-93.1560698,42.1401412,False
1842,IA160471126,-93.1562826,42.1654828,False
1843,IA160476883,-93.1178249,42.2015047,False
1844,IA160476950,-93.156241,42.1139255,False
1845,IA160476982,-92.9927379,42.1133293,False
1846,IA161091418,-93.5648958,42.077948,False
1847,IA161119787,-93.386281,42.070605,False
1848,IA161119803,-93.386345,42.077953,False
1849,IA161121283,-93.34711,42.10668,False
1850,IA161121333,-93.386195,42.107014,False
1851,IA161121384,-93.425547,42.107172,False
1852,IA161121422,-93.462851,42.106993,False
1853,IA161121442,-93.5018802,42.1069622,False
1854,IA161123222,-93.3859054,42.1665419,False
1855,IA161123681,-93.30958,42.195199,False
1856,IA161123699,-93.3466584,42.1953108,False
1857,IA161123733,-93.385849,42.195571,False
1858,IA161123776,-93.424941,42.1956573,False
1859,IA161134625,-93.462618,42.078036,False
1860,IA161137501,-93.2511837,42.1912823,False
1861,IA161138927,-93.3468417,42.1663701,False
1862,IA161146515,-93.541,42.07803,False
1863,IA161150769,-93.425247,42.07807,False
1864,IA161150885,-93.4249541,42.1666478,False
1865,IA161155324,-93.501757,42.078182,False
1866,IA161155339,-93.56056,42.07803,False
1867,IA161156809,-93.2509547,42.1659014,False
1868,IA161156827,-93.309353,42.166178,False
1869,IA161158108,-93.2510144,42.1224634,False
1870,IA263713722,-93.5684917,42.4486743,False
1871,IA389243671,-93.0438933,42.4608864,False
1872,IA389244436,-93.0516171,42.4539287,False
1873,IA389244957,-93.051635,42.4592897,False
1874,IA389244993,-93.0518656,42.456292,False
1875,IA389245425,-93.0525798,42.4539308,False
1876,IA389245713,-93.0593285,42.4523359,False
1877,IA389250141,-93.1527587,42.4265457,False
1878,IA389250144,-93.1435789,42.4281017,False
1879,IA389250152,-93.1367714,42.4265442,False
1880,IA389250909,-93.1435586,42.4247718,False
1881,IA389250931,-93.136418,42.4262852,False
1882,IA389255448,-92.9328112,42.4625112,False
1883,IA389255458,-92.9332198,42.4627542,False
1884,IA391210144,-93.4244821,42.3104546,False
1885,IA391210161,-93.4439781,42.3104616,False
1886,IA391210909,-93.3096919,42.2959256,False
1887,IA391210957,-93.3000191,42.296084,False
1888,IA410260090,-93.2680005,42.4481697,False
1889,IA410260092,-93.2633771,42.4486774,False
1890,IA410260093,-93.2611273,42.4489806,False
1891,IA410260096,-93.253268,42.4483392,False
1892,IA410260129,-93.2675813,42.4479285,False
1893,IA410260132,-93.2611706,42.4473389,False
1894,IA410260135,-93.2532361,42.4480919,False
1895,IA1589980294,-93.5138895,42.4479461,False
1896,IA1589980313,-93.5136624,42.4481884,False
1897,IA1589980374,-93.5286214,42.4484513,False
1898,IA1692034912,-93.1504331,42.4262896,False
1899,IA1692200275,-93.3857199,42.4470817,False
1900,IA1692200279,-93.3792941,42.4478955,False
1901,IA1692200301,-93.3858673,42.4486728,False
1902,IA1692200371,-93.3928022,42.4481093,False
1903,IA1692200380,-93.3919449,42.4478416,False
1904,IA1692200404,-93.3801802,42.4476653,False
1905,IA1692697943,-93.5618197,42.448666,False
1906,IA1692697950,-93.5281355,42.4481906,False
1907,IA1922513552,-93.2611092,42.4508314,False
1908,IA1982463174,-93.0513133,42.4569308,False
1909,IA1982463187,-93.0508114,42.4592907,False
1910,IA2570892869,-93.3096796,42.3053902,False
1911,IA2570892870,-93.309281,42.3055876,False
1912,IA2669133754,-93.3855927,42.4267281,False
1913,IA2669342144,-93.3866878,42.3537899,False
1914,IA2669342151,-93.3858033,42.3543728,False
1915,IA2677071925,-93.3863285,42.2454089,False
1916,IA2677098654,-93.385613,42.2448327,False
1917,IA2677103454,-93.4245543,42.2537292,False
1918,IA2677257358,-93.2896687,42.295872,False
1919,IA3102600173,-93.1178931,42.2077311,False
1920,IA3187352848,-93.1534733,42.4478398,False
1921,IA3187352880,-93.1538092,42.4481281,False
1922,IA159345916,-93.764718,41.059715,False
1923,IA159346793,-93.653914,41.1445941,False
1924,IA159347968,-93.76766,40.913852,False
1925,IA159348379,-93.729375,40.899274,False
1926,IA159348489,-93.652398,40.899285,False
1927,IA159348602,-93.594895,40.898815,False
1928,IA159350123,-93.83614,41.115965,False
1929,IA159350134,-93.835914,41.115756,False
1930,IA159350158,-93.821675,41.116296,False
1931,IA159350644,-93.836142,41.115636,False
1932,IA159351065,-93.794568,41.0172778,False
1933,IA159351077,-93.796171,41.014839,False
1934,IA159351111,-93.7976122,41.009161,False
1935,IA159351158,-93.6542385,41.1446547,False
1936,IA159354373,-93.947888,41.026593,False
1937,IA159361760,-93.7962757,41.0262563,False
1938,IA159361794,-93.794482,41.025832,False
1939,IA159362797,-93.790605,41.041654,False
1940,IA159362825,-93.7878792,41.0414961,False
1941,IA159362969,-93.790952,41.041578,False
1942,IA159363513,-93.7861023,41.0472602,False
1943,IA159363765,-93.78615,41.047548,False
1944,IA159366941,-93.780323,41.069273,False
1945,IA159366956,-93.781188,41.066282,False
1946,IA159373165,-93.797633,40.992795,False
1947,IA159373175,-93.797111,40.989431,False
1948,IA159373181,-93.797109,40.988815,False
1949,IA159373197,-93.797512,40.985302,False
1950,IA159374819,-93.794109,41.01819,False
1951,IA159374830,-93.794552,41.015611,False
1952,IA159374857,-93.795932,41.011676,False
1953,IA159374867,-93.796766,41.010381,False
1954,IA159377608,-93.780945,41.072374,False
1955,IA159377628,-93.780049,41.069142,False
1956,IA159379377,-93.7921567,41.0271516,True
1957,IA159379398,-93.794071,41.023057,False
1958,IA159380584,-93.5568458,40.9543483,False
1959,IA159381717,-93.781212,41.073482,False
1960,IA159381742,-93.782566,41.070367,False
1961,IA159381779,-93.781411,41.067089,False
1962,IA159385840,-93.794275,41.02261,False
1963,IA159387570,-93.797633,40.976106,False
1964,IA159387591,-93.79888,40.971846,False
1965,IA159387609,-93.79752,40.968252,False
1966,IA159389099,-93.7996055,40.9958159,False
1967,IA159389109,-93.799416,40.992498,False
1968,IA159389116,-93.799274,40.991875,False
1969,IA159389260,-93.798283,40.989011,False
1970,IA159391017,-93.864885,41.027511,False
1971,IA159391416,-93.797346,40.975646,False
1972,IA159391430,-93.795941,40.971964,False
1973,IA159391441,-93.7972312,40.9677387,False
1974,IA159393250,-93.586027,41.073965,False
1975,IA159394900,-93.614524,40.971465,False
1976,IA159397377,-93.7656719,41.0306123,True
1977,IA159397626,-93.5907073,41.030052,False
1978,IA159397720,-93.956469,41.027055,False
1979,IA159397762,-93.91814,41.026539,False
1980,IA159397919,-93.8042477,41.0244766,False
1981,IA159397941,-93.7800236,41.0300437,False
1982,IA159398246,-93.750698,41.0769503,False
1983,IA159402345,-93.768412,40.972016,False
1984,IA159402985,-93.864586,40.955597,False
1985,IA159406736,-93.7657036,41.0377573,True
1986,IA159411611,-93.836343,41.043105,False
1987,IA159419284,-93.5572681,40.9540777,False
1988,IA159419402,-93.5949687,40.9497223,False
1989,IA159419405,-93.5953593,40.9494899,False
1990,IA159419938,-93.595289,40.942935,False
1991,IA159419942,-93.595284,40.942367,False
1992,IA159420307,-93.595871,40.942438,False
1993,IA159505934,-93.595044,40.877969,False
1994,IA159506720,-93.767828,40.8993,False
1995,IA159507179,-93.833667,40.739491,False
1996,IA159507182,-93.833546,40.739492,True
1997,IA159507930,-93.803002,40.866001,False
1998,IA159507960,-93.804409,40.869919,False
1999,IA159507974,-93.802271,40.874121,False
2000,IA159513430,-93.819488,40.868995,False
2001,IA159513435,-93.819514,40.870245,False
2002,IA159513518,-93.818838,40.869533,False
2003,IA159513810,-93.829291,40.807799,False
2004,IA159513823,-93.8289857,40.8117026,False
2005,IA159513868,-93.7675677,40.8706788,False
2006,IA159513972,-93.8292086,40.811702,False
2007,IA159513995,-93.825548,40.816003,False
2008,IA159515187,-93.671195,40.812427,False
2009,IA159518906,-93.841771,40.743263,False
2010,IA159518941,-93.8452218,40.738471,False
2011,IA159518969,-93.843376,40.734257,False
2012,IA159527719,-93.857065,40.822001,False
2013,IA159529762,-93.747893,40.768432,False
2014,IA159530857,-93.805651,40.869867,False
2015,IA159537873,-93.657452,40.826889,False
2016,IA159537882,-93.657577,40.826619,False
2017,IA159540272,-93.691143,40.768445,False
2018,IA159548061,-93.652712,40.878364,False
2019,IA159548064,-93.652714,40.878039,False
2020,IA159548110,-93.652874,40.856042,False
2021,IA159553449,-93.801925,40.874105,False
2022,IA159553484,-93.802618,40.866094,False
2023,IA159553596,-93.825376,40.815402,False
2024,IA159553604,-93.8253167,40.8117912,False
2025,IA159553624,-93.82884,40.807725,False
2026,IA159558332,-93.652506,40.878129,False
2027,IA159559925,-93.842996,40.733885,False
2028,IA159559953,-93.840435,40.739196,False
2029,IA159559973,-93.841317,40.743416,False
2030,IA159573999,-93.595276,40.82698,False
2031,IA159574896,-93.7479566,40.7395051,False
2032,IA159576929,-93.833117,40.812111,False
2033,IA159577028,-93.8334747,40.7573437,False
2034,IA159577326,-93.871189,40.821732,False
2035,IA159577709,-93.7469591,40.7394996,True
2036,IA159578373,-93.594353,40.789971,False
2037,IA159579800,-93.594238,40.761171,False
2038,IA159579873,-93.595161,40.856096,False
2039,IA159580754,-93.900765,40.756667,False
2040,IA159581290,-93.767521,40.856169,False
2041,IA159581426,-93.747722,40.81215,False
2042,IA159581794,-93.761017,40.739645,True
2043,IA159582375,-93.70539,40.76831,False
2044,IA159582432,-93.6609568,40.7681592,False
2045,IA159582530,-93.641834,40.789802,False
2046,IA159583015,-93.70533,40.742908,False
2047,IA159583074,-93.66098,40.749655,False
2048,IA159583456,-93.780956,40.740792,False
2049,IA159588909,-93.8004287,40.8123056,False
2050,IA159589516,-93.652701,40.812464,False
2051,IA159589536,-93.7957039,40.8123851,False
2052,IA159589800,-93.657446,40.812455,False
2053,IA159590653,-93.729197,40.856065,False
2054,IA160314175,-93.4610282,41.0267636,False
2055,IA160314412,-93.4228269,40.9697393,False
2056,IA160319049,-93.470994,40.9411188,False
2057,IA160327483,-93.4704244,41.0287611,False
2058,IA160328870,-93.4709511,40.9317251,False
2059,IA160328947,-93.4738202,41.1169472,False
2060,IA160437789,-93.824349,41.174819,False
2061,IA160441009,-93.898813,41.15661,False
2062,IA160454679,-93.828164,41.211224,False
2063,IA161198099,-93.7838372,41.1811011,False
2064,IA161198169,-93.7839731,41.1718763,False
2065,IA161216949,-93.5633566,41.2853752,False
2066,IA161216967,-93.500292,41.284448,False
2067,IA161237767,-93.7840644,41.1809411,False
2068,IA161237787,-93.7841968,41.1722426,False
2069,IA161282573,-93.499048,40.760668,False
2070,IA161282582,-93.498644,40.760962,False
2071,IA161308234,-93.499451,40.760958,False
2072,IA161308241,-93.49921,40.76075,False
2073,IA161309748,-93.499054,40.761273,False
2074,IA161309758,-93.498671,40.761059,False
2075,IA161309768,-93.499713,40.76107,False
2076,IA161309778,-93.4992,40.761448,False
2077,IA161322149,-93.499219,40.763943,False
2078,IA161322155,-93.499052,40.761061,False
2079,IA161322157,-93.499051,40.76096,False
2080,IA161322164,-93.499191,40.758147,False
2081,IA161322186,-93.499402,40.826396,False
2082,IA161322263,-93.499182,40.761061,False
2083,IA161322271,-93.499185,40.760959,False
2084,IA161322307,-93.499315,40.733726,False
2085,IA161326295,-93.503113,40.761047,False
2086,IA391188600,-93.79854,41.025517,True
2087,IA391240824,-93.49939,40.855565,True
2088,IA391256314,-93.800662,40.870083,False
2089,IA391256334,-93.795849,40.870254,False
2090,IA529535449,-93.7943151,41.0267535,False
2091,IA1097406676,-93.7973452,41.0111265,False
2092,IA1399309782,-93.8077875,41.0232232,False
2093,IA1399309851,-93.8079842,41.0236247,False
2094,IA1687438729,-93.7961642,41.026281,False
2095,IA1874948097,-93.7877686,41.0414926,False
2096,IA1874948100,-93.792983,41.0415494,True
2097,IA1874948118,-93.7928795,41.0415527,False
2098,IA4094355883,-93.7922719,41.0271237,False
2099,IA10681904288,-93.7983174,41.0258151,False
2100,IA10681904289,-93.796235,41.0264518,False
2101,IA10681904290,-93.7963411,41.0264282,False
2102,IA10681904291,-93.792186,41.0273287,True
2103,IA10681904292,-93.7923104,41.0273014,False
2104,IA11196426820,-93.4704241,41.0291312,False
2105,IA11196426823,-93.4708003,41.0288495,False
2106,IA31535407,-93.8611562,41.5659463,False
2107,IA31535415,-93.874659,41.563889,False
2108,IA31535446,-93.949309,41.5491392,False
2109,IA31535453,-93.9588872,41.5467383,False
2110,IA34987746,-93.948739,41.549036,False
2111,IA34987779,-93.90806,41.557281,False
2112,IA34987795,-93.875571,41.56347,False
2113,IA34987808,-93.861788,41.5655865,False
2114,IA159441998,-93.8101665,41.553245,False
2115,IA159446790,-93.8089169,41.5932679,True
2116,IA159446861,-93.880679,41.564176,False
2117,IA159451365,-93.818726,41.574498,False
2118,IA159451402,-93.812218,41.573365,True
2119,IA159451404,-93.8093748,41.5734324,False
2120,IA159451420,-93.7906339,41.575473,False
2121,IA159451483,-93.7999317,41.5739506,False
2122,IA159451902,-93.885601,41.522854,False
2123,IA159455179,-93.945133,41.517757,False
2124,IA159455847,-93.881708,41.576411,False
2125,IA159455946,-93.883694,41.586704,False
2126,IA159456122,-93.880837,41.55138,False
2127,IA159457711,-93.7906032,41.591083,False
2128,IA159461924,-93.8188058,41.5673647,False
2129,IA159461969,-93.8094044,41.5685002,False
2130,IA159462939,-93.8092513,41.5826744,False
2131,IA159462959,-93.809167,41.5889562,True
2132,IA159462973,-93.8088652,41.5970722,False
2133,IA159464489,-93.872262,41.600387,False
2134,IA159467658,-93.8280691,41.5909147,False
2135,IA159468167,-93.7998289,41.56851,False
2136,IA159468184,-93.7998357,41.5619235,False
2137,IA159477043,-93.828081,41.586334,True
2138,IA159477061,-93.827995,41.600397,False
2139,IA159478423,-93.8569133,41.5569235,False
2140,IA159480330,-93.8224004,41.5345675,False
2141,IA159481476,-93.906561,41.519441,False
2142,IA159482728,-93.8142009,41.6004099,False
2143,IA159482976,-93.8661837,41.6003948,False
2144,IA159483429,-93.7934134,41.5416882,False
2145,IA159485586,-93.8336113,41.6003643,True
2146,IA159493026,-93.885592,41.611954,False
2147,IA159496216,-93.815232,41.517264,False
2148,IA159498234,-93.8218819,41.5878292,False
2149,IA159507136,-93.8282729,41.5452983,False
2150,IA159507345,-93.8094949,41.5610852,False
2151,IA159507409,-93.7965383,41.5615915,False
2152,IA159507454,-93.8188448,41.5601153,False
2153,IA159513090,-93.866222,41.588657,False
2154,IA160358538,-93.898196,41.268176,False
2155,IA160358548,-93.898283,41.261545,False
2156,IA160358550,-93.898279,41.260908,False
2157,IA160422036,-93.905918,41.474154,False
2158,IA160432613,-93.912548,41.261435,False
2159,IA160432778,-93.936263,41.30122,False
2160,IA160436919,-93.803373,41.355821,False
2161,IA160438316,-93.846052,41.28601,False
2162,IA160439499,-93.983988,41.344467,False
2163,IA160440634,-93.809235,41.262838,True
2164,IA160441818,-93.898798,41.185524,False
2165,IA160443076,-93.898785,41.261252,False
2166,IA160446077,-93.808697,41.288443,False
2167,IA160446086,-93.8058319,41.2884332,False
2168,IA160446343,-93.846786,41.20983,False
2169,IA160446777,-94.004615,41.311462,False
2170,IA160446942,-93.945889,41.30122,False
2171,IA160455277,-93.837308,41.478694,False
2172,IA160462908,-93.897809,41.268505,False
2173,IA160467006,-93.82766,41.225219,False
2174,IA160467013,-93.825601,41.225257,False
2175,IA160467127,-93.9129074,41.2143722,False
2176,IA160467303,-93.827615,41.223419,False
2177,IA160477251,-93.7957144,41.4971802,False
2178,IA160714131,-93.5842149,41.6004599,False
2179,IA160714300,-93.761481,41.522886,False
2180,IA160714396,-93.776735,41.517398,False
2181,IA160714826,-93.514347,41.571696,False
2182,IA160714851,-93.5134932,41.5776699,False
2183,IA160715993,-93.6391458,41.6004259,False
2184,IA160716314,-93.595664,41.518851,True
2185,IA160716318,-93.595515,41.518922,True
2186,IA160717991,-93.7655214,41.5599488,False
2187,IA160718016,-93.770905,41.559131,False
2188,IA160718618,-93.5807411,41.6004401,False
2189,IA160719974,-93.7147365,41.5171599,False
2190,IA160720030,-93.7198718,41.5228129,False
2191,IA160720086,-93.7311492,41.5221359,False
2192,IA160720097,-93.7388699,41.5226338,False
2193,IA160720140,-93.749573,41.524619,False
2194,IA160720175,-93.758006,41.5229281,False
2195,IA160720655,-93.7512017,41.5921966,False
2196,IA160720963,-93.7767305,41.6107191,False
2197,IA160721872,-93.6454044,41.56278,False
2198,IA160721879,-93.6451241,41.5632598,False
2199,IA160723623,-93.6257431,41.5995894,False
2200,IA160723675,-93.626882,41.5962668,False
2201,IA160723687,-93.630646,41.596007,False
2202,IA160725146,-93.682852,41.514672,False
2203,IA160725283,-93.5871839,41.5896526,False
2204,IA160725285,-93.5900478,41.5896602,False
2205,IA160725296,-93.595279,41.5896456,False
2206,IA160725301,-93.596828,41.5896594,False
2207,IA160725958,-93.7770852,41.5939384,False
2208,IA160725995,-93.7767586,41.6040909,False
2209,IA160726628,-93.7378295,41.5222977,False
2210,IA160726647,-93.748604,41.521017,False
2211,IA160726674,-93.757715,41.522647,False
2212,IA160728859,-93.6190623,41.5955869,False
2213,IA160728907,-93.6798236,41.5127114,False
2214,IA160728928,-93.670831,41.514089,False
2215,IA160729395,-93.5296377,41.5682278,False
2216,IA160729513,-93.6268775,41.5960526,False
2217,IA160729523,-93.625808,41.5962103,True
2218,IA160729577,-93.6198283,41.6002523,False
2219,IA160729578,-93.6198115,41.6004031,False
2220,IA160729582,-93.619728,41.600827,False
2221,IA160729784,-93.7814559,41.5909271,False
2222,IA160729905,-93.7743695,41.5950171,False
2223,IA160731231,-93.5964115,41.5887137,False
2224,IA160731240,-93.5968435,41.5888657,False
2225,IA160731324,-93.7674294,41.592329,False
2226,IA160731335,-93.777208,41.59752,False
2227,IA160731546,-93.6887912,41.5924376,False
2228,IA160731748,-93.5917082,41.5483507,False
2229,IA160732657,-93.6972881,41.5926815,False
2230,IA160732695,-93.6986323,41.5929122,False
2231,IA160733591,-93.5316631,41.5112729,False
2232,IA160734975,-93.7033567,41.5826923,False
2233,IA160734984,-93.703329,41.5845689,False
2234,IA160735219,-93.7179005,41.5251876,False
2235,IA160735224,-93.7158935,41.5275045,False
2236,IA160736490,-93.7226109,41.5932868,False
2237,IA160736525,-93.717565,41.5944912,False
2238,IA160737443,-93.520659,41.524933,False
2239,IA160737795,-93.7144307,41.5932619,False
2240,IA160737839,-93.715959,41.592125,False
2241,IA160737887,-93.7150501,41.5931382,False
2242,IA160739567,-93.6197965,41.5952196,True
2243,IA160739600,-93.614718,41.595553,False
2244,IA160740234,-93.6494978,41.5949286,False
2245,IA160740387,-93.6249913,41.563219,False
2246,IA160742561,-93.7137521,41.5161004,False
2247,IA160742579,-93.7229737,41.5191461,False
2248,IA160742592,-93.7313347,41.5218872,False
2249,IA160742891,-93.5131163,41.5717422,False
2250,IA160742918,-93.518974,41.53011,False
2251,IA160742946,-93.517086,41.524776,False
2252,IA160742949,-93.517072,41.524662,False
2253,IA160742993,-93.519726,41.518083,False
2254,IA160743816,-93.6228526,41.5694792,False
2255,IA160744587,-93.7518886,41.6003897,False
2256,IA160744913,-93.7732597,41.5285761,False
2257,IA160749486,-93.7768155,41.5923166,False
2258,IA160751600,-93.6244614,41.571219,False
2259,IA160751602,-93.624404,41.571104,False
2260,IA160753519,-93.496497,41.604667,False
2261,IA160753542,-93.498899,41.598715,False
2262,IA160753555,-93.4990225,41.5936705,False
2263,IA160754006,-93.6547421,41.5933351,False
2264,IA160754014,-93.6593782,41.5935367,False
2265,IA160754106,-93.6593555,41.6003556,True
2266,IA160755774,-93.7747399,41.5195519,False
2267,IA160755837,-93.768272,41.52257,False
2268,IA160758161,-93.6294517,41.5909971,False
2269,IA160758870,-93.6327728,41.591661,False
2270,IA160759219,-93.6834386,41.5152704,False
2271,IA160759312,-93.672675,41.514319,False
2272,IA160760240,-93.6250832,41.5952254,False
2273,IA160760385,-93.671264,41.5919751,False
2274,IA160760411,-93.674371,41.590464,False
2275,IA160760870,-93.6743805,41.5917942,False
2276,IA160760901,-93.670392,41.592572,False
2277,IA160763680,-93.6380691,41.597516,False
2278,IA160763701,-93.6368789,41.5970053,False
2279,IA160764148,-93.6451177,41.5337711,False
2280,IA160764150,-93.6449661,41.5337694,True
2281,IA160764857,-93.6176743,41.5956913,False
2282,IA160764863,-93.6190747,41.5959687,False
2283,IA160764879,-93.6215186,41.5961036,False
2284,IA160765040,-93.6163006,41.5954373,False
2285,IA160765169,-93.66431,41.604207,False
2286,IA160765834,-93.7520033,41.5701132,False
2287,IA160766781,-93.5787539,41.6090062,False
2288,IA160766853,-93.6057544,41.560106,False
2289,IA160768831,-93.6159874,41.5119784,False
2290,IA160769837,-93.512944,41.577949,False
2291,IA160770346,-93.7517419,41.5592737,False
2292,IA160770354,-93.718599,41.537481,False
2293,IA160770373,-93.717724,41.538202,False
2294,IA160770541,-93.6918236,41.5204372,False
2295,IA160770543,-93.6919349,41.5203253,False
2296,IA160774677,-93.774006,41.531311,False
2297,IA160774963,-93.683599,41.515192,False
2298,IA160774980,-93.6904829,41.5139437,False
2299,IA160776677,-93.6593529,41.5926838,False
2300,IA160776758,-93.65024,41.594401,False
2301,IA160777277,-93.6321644,41.5916642,False
2302,IA160777363,-93.6434982,41.6086388,False
2303,IA160778139,-93.536138,41.5116748,False
2304,IA160778272,-93.519296,41.530227,False
2305,IA160778296,-93.521207,41.525087,False
2306,IA160778299,-93.521147,41.524969,False
2307,IA160778311,-93.520015,41.518747,False
2308,IA160778327,-93.5143248,41.5245671,False
2309,IA160779131,-93.6154435,41.595387,False
2310,IA160779487,-93.496161,41.6046991,False
2311,IA160779515,-93.495473,41.598815,False
2312,IA160779577,-93.4986022,41.5936631,False
2313,IA160780633,-93.5514607,41.6006055,False
2314,IA160780635,-93.551473,41.600498,False
2315,IA160781685,-93.5583782,41.5956707,False
2316,IA160782419,-93.578473,41.512437,False
2317,IA160782548,-93.6743718,41.5899884,False
2318,IA160782585,-93.6789994,41.5912441,False
2319,IA160782687,-93.6371134,41.5861993,False
2320,IA160782696,-93.6593704,41.5939517,False
2321,IA160782827,-93.751754,41.572986,False
2322,IA160783253,-93.581302,41.626093,False
2323,IA160784739,-93.7774742,41.5847384,False
2324,IA160784791,-93.768351,41.5921421,False
2325,IA160785131,-93.6897809,41.5137149,False
2326,IA160785507,-93.5861337,41.596294,False
2327,IA160785516,-93.5857032,41.5954892,False
2328,IA160785593,-93.5866067,41.5959173,False
2329,IA160786984,-93.7170826,41.5947756,False
2330,IA160786986,-93.717578,41.594334,False
2331,IA160787020,-93.7146403,41.5934146,False
2332,IA160787459,-93.6268641,41.5952446,False
2333,IA160787513,-93.6411965,41.5844547,False
2334,IA160787742,-93.759822,41.5921722,False
2335,IA160789255,-93.680547,41.591679,False
2336,IA160790064,-93.7295871,41.5934348,False
2337,IA160790075,-93.736001,41.593718,False
2338,IA160790104,-93.7770011,41.6087576,False
2339,IA160790725,-93.5986534,41.5832626,False
2340,IA160791682,-93.52004,41.515957,False
2341,IA160791750,-93.6438641,41.6085363,False
2342,IA160791758,-93.644029,41.609092,False
2343,IA160791985,-93.5871818,41.5897456,False
2344,IA160793214,-93.7361261,41.5920009,False
2345,IA160793234,-93.7423912,41.5922995,False
2346,IA160793709,-93.774997,41.5999282,True
2347,IA160795253,-93.6799955,41.5126501,False
2348,IA160795591,-93.6930501,41.6003992,False
2349,IA160795849,-93.744957,41.5923919,False
2350,IA160795905,-93.736141,41.593685,False
2351,IA160795907,-93.7425746,41.5924432,False
2352,IA160795920,-93.7289458,41.5932976,False
2353,IA160796523,-93.622891,41.5699929,False
2354,IA160796636,-93.6119812,41.5951992,False
2355,IA160797397,-93.7519593,41.5929855,False
2356,IA160797408,-93.7576777,41.5923557,False
2357,IA160799150,-93.7097268,41.593248,False
2358,IA160799830,-93.7158053,41.593714,False
2359,IA160799839,-93.7130381,41.6004024,False
2360,IA160800130,-93.6743794,41.5909827,False
2361,IA160800403,-93.492045,41.592594,False
2362,IA160802254,-93.7565995,41.5677063,False
2363,IA160802314,-93.7709063,41.5592781,False
2364,IA160802342,-93.7853592,41.5591722,False
2365,IA160802349,-93.7904694,41.5591215,False
2366,IA160802367,-93.7177,41.537497,False
2367,IA160802456,-93.6977367,41.6004092,False
2368,IA160802468,-93.697753,41.611265,False
2369,IA160802885,-93.6160538,41.526452,False
2370,IA160802899,-93.6064571,41.5264267,False
2371,IA160802902,-93.5968608,41.526359,False
2372,IA160802906,-93.5966963,41.5263609,False
2373,IA160802932,-93.5774514,41.5262176,False
2374,IA160803445,-93.6202777,41.5904865,False
2375,IA160803448,-93.6214826,41.5904938,False
2376,IA160803452,-93.6256418,41.5905173,False
2377,IA160803453,-93.6268533,41.5905276,False
2378,IA160805013,-93.5976196,41.5898048,False
2379,IA160805016,-93.5968196,41.58978,False
2380,IA160805023,-93.5951307,41.5897579,False
2381,IA160805030,-93.5900473,41.5897503,False
2382,IA160805096,-93.6089854,41.5876502,False
2383,IA160805099,-93.6075858,41.5879327,False
2384,IA160811937,-93.6089338,41.5979291,False
2385,IA160811946,-93.6089263,41.6003319,False
2386,IA160811970,-93.6088886,41.6004362,False
2387,IA160811979,-93.6081074,41.5903286,False
2388,IA160811987,-93.6080673,41.5913465,False
2389,IA160812557,-93.616126,41.548165,False
2390,IA160812575,-93.625757,41.548215,False
2391,IA160812593,-93.635407,41.548221,False
2392,IA160812601,-93.644867,41.548223,False
2393,IA160812603,-93.6450613,41.5482221,False
2394,IA160814140,-93.534513,41.543463,False
2395,IA160814159,-93.5345214,41.5314533,False
2396,IA160814388,-93.625636,41.512053,False
2397,IA160815964,-93.6192561,41.5821226,False
2398,IA160816102,-93.6330566,41.5871727,False
2399,IA160816148,-93.6254546,41.5884873,False
2400,IA160816150,-93.6267869,41.5882,False
2401,IA160816154,-93.6280158,41.587935,False
2402,IA160816157,-93.6292444,41.587673,False
2403,IA160816160,-93.6304719,41.5874088,False
2404,IA160817632,-93.6742939,41.5845404,False
2405,IA160817637,-93.674353,41.5863823,False
2406,IA160817678,-93.6743926,41.6003534,False
2407,IA160818806,-93.509971,41.597971,False
2408,IA160818817,-93.517023,41.597924,False
2409,IA160818824,-93.5202229,41.5981965,False
2410,IA160819094,-93.524864,41.531165,False
2411,IA160820380,-93.6136109,41.5756569,False
2412,IA160820826,-93.443198,41.580022,False
2413,IA160822314,-93.6204354,41.5853249,False
2414,IA160822317,-93.6209267,41.5866839,False
2415,IA160822321,-93.6212814,41.5876305,False
2416,IA160822328,-93.621486,41.5885752,False
2417,IA160822341,-93.6215138,41.5951953,False
2418,IA160823710,-93.524841,41.5252486,False
2419,IA160826757,-93.735953,41.5846655,False
2420,IA160826765,-93.736135,41.590507,False
2421,IA160826814,-93.7362274,41.6003888,False
2422,IA160826821,-93.736145,41.596989,False
2423,IA160826848,-93.7360423,41.584666,False
2424,IA160826871,-93.735995,41.596987,False
2425,IA160826876,-93.7360807,41.6004363,False
2426,IA160827192,-93.5195655,41.5689634,False
2427,IA160827204,-93.5189495,41.5685704,False
2428,IA160827414,-93.5301457,41.5686686,False
2429,IA160827434,-93.520836,41.568448,False
2430,IA160828093,-93.6168197,41.5745452,False
2431,IA160829217,-93.6242727,41.5849971,True
2432,IA160829220,-93.6246229,41.5859216,False
2433,IA160829222,-93.6249709,41.5868401,False
2434,IA160829226,-93.6253098,41.587767,True
2435,IA160829258,-93.6256486,41.5915952,False
2436,IA160829263,-93.6256601,41.5952292,False
2437,IA160829270,-93.625656,41.5962241,False
2438,IA160829282,-93.6257578,41.6008023,False
2439,IA160829290,-93.6257777,41.603964,False
2440,IA160831430,-93.517018,41.599391,False
2441,IA160831436,-93.509988,41.599312,False
2442,IA160831446,-93.503242,41.599095,False
2443,IA160831454,-93.4914507,41.598705,False
2444,IA160831459,-93.48196,41.598436,False
2445,IA160831493,-93.528085,41.600623,False
2446,IA160831507,-93.5174101,41.5993061,False
2447,IA160831509,-93.517019,41.599271,False
2448,IA160831516,-93.509986,41.599184,False
2449,IA160831529,-93.503243,41.598893,False
2450,IA160831538,-93.4914675,41.5984925,False
2451,IA160831554,-93.4721816,41.5989842,False
2452,IA160833750,-93.6184996,41.5872032,False
2453,IA160840737,-93.7184657,41.597669,False
2454,IA160842600,-93.6060067,41.5917803,False
2455,IA160845724,-93.6245661,41.5752257,False
2456,IA160845849,-93.7017889,41.6004253,False
2457,IA160846246,-93.635398,41.533772,False
2458,IA160846275,-93.616073,41.53369,False
2459,IA160846285,-93.62574,41.533731,False
2460,IA160846512,-93.6641062,41.60399,False
2461,IA160846779,-93.7021698,41.5414324,False
2462,IA160846802,-93.697099,41.5284414,False
2463,IA160846806,-93.697218,41.526567,False
2464,IA160846826,-93.697083,41.526566,False
2465,IA160846839,-93.68517,41.51648,False
2466,IA160846913,-93.685517,41.516501,False
2467,IA160846915,-93.685345,41.516382,False
2468,IA160848081,-93.7362265,41.6058046,False
2469,IA160848476,-93.570905,41.607243,False
2470,IA160848532,-93.561143,41.6103976,False
2471,IA160848561,-93.55147,41.612448,False
2472,IA160848673,-93.5812612,41.6036891,False
2473,IA160849166,-93.520184,41.590018,False
2474,IA160849198,-93.516169,41.589662,False
2475,IA160850863,-93.662332,41.5844572,False
2476,IA160851945,-93.619709,41.5869462,False
2477,IA160851950,-93.6233969,41.5861826,False
2478,IA160851952,-93.6258597,41.5856583,False
2479,IA160851954,-93.6270765,41.5853972,False
2480,IA160851956,-93.6283071,41.5851356,True
2481,IA160851967,-93.6319805,41.58435,False
2482,IA160851973,-93.6363608,41.5834154,False
2483,IA160852391,-93.765039,41.541313,False
2484,IA160854071,-93.6424782,41.5844465,False
2485,IA160854085,-93.65933,41.5844359,False
2486,IA160854095,-93.6641713,41.5844709,False
2487,IA160854204,-93.693757,41.582845,False
2488,IA160854222,-93.6980663,41.5827186,False
2489,IA160854242,-93.7074451,41.5827414,False
2490,IA160854252,-93.713045,41.582663,False
2491,IA160854303,-93.727701,41.577374,False
2492,IA160854312,-93.731721,41.570963,False
2493,IA160854314,-93.731769,41.570876,False
2494,IA160854351,-93.736914,41.559177,False
2495,IA160854390,-93.75118,41.542983,True
2496,IA160854487,-93.786228,41.539852,False
2497,IA160854550,-93.6202813,41.5888273,False
2498,IA160854557,-93.6240664,41.5880318,False
2499,IA160854562,-93.6265292,41.58751,True
2500,IA160854564,-93.6277661,41.5872474,False
2501,IA160854566,-93.6289897,41.5869896,False
2502,IA160854568,-93.6302155,41.5867204,False
2503,IA160854577,-93.6326691,41.5861991,False
2504,IA160854594,-93.6370417,41.5852632,False
2505,IA160854600,-93.639486,41.5847319,False
2506,IA160855254,-93.5583493,41.5914884,False
2507,IA160855299,-93.5396779,41.5906509,False
2508,IA160855348,-93.5872306,41.5913332,False
2509,IA160857643,-93.774394,41.535817,False
2510,IA160857707,-93.7772041,41.5913954,False
2511,IA160858900,-93.7777433,41.5861106,False
2512,IA160858942,-93.7747263,41.5359867,False
2513,IA160859890,-93.5948131,41.590024,False
2514,IA160859915,-93.600495,41.601539,False
2515,IA160859920,-93.600375,41.600579,False
2516,IA160861652,-93.6430544,41.6083814,False
2517,IA160861700,-93.415974,41.57257,False
2518,IA160862940,-93.6246545,41.5952531,False
2519,IA160864584,-93.6180485,41.5823706,True
2520,IA160864588,-93.6179738,41.5821753,False
2521,IA160865389,-93.5806973,41.6005855,False
2522,IA160865729,-93.6331126,41.5934703,False
2523,IA160865734,-93.6321699,41.5927117,False
2524,IA160865764,-93.633324,41.5934507,False
2525,IA160865773,-93.6321695,41.5925429,False
2526,IA160865780,-93.630569,41.5918621,False
2527,IA160866236,-93.5775136,41.5189754,False
2528,IA160866251,-93.5773582,41.5298725,False
2529,IA160866270,-93.5783186,41.5371201,True
2530,IA160866285,-93.5821718,41.5410787,False
2531,IA160866291,-93.585948,41.544635,False
2532,IA160866361,-93.5952486,41.5517048,False
2533,IA160866411,-93.6135936,41.5697922,False
2534,IA160866459,-93.620168,41.573187,False
2535,IA160866466,-93.621216,41.573097,False
2536,IA160866504,-93.621181,41.573006,False
2537,IA160866895,-93.459595,41.551531,False
2538,IA160866899,-93.462292,41.553218,False
2539,IA160867844,-93.6072132,41.5827046,False
2540,IA160867845,-93.6068252,41.5816097,False
2541,IA160867854,-93.6061457,41.5797009,False
2542,IA160867897,-93.6052926,41.5699436,False
2543,IA160868077,-93.5972279,41.5912769,False
2544,IA160868082,-93.5979836,41.5934047,False
2545,IA160868097,-93.600521,41.6005788,False
2546,IA160868106,-93.600537,41.607722,False
2547,IA160868138,-93.6005545,41.6149956,False
2548,IA160868440,-93.520197,41.587451,False
2549,IA160869727,-93.616093,41.540949,False
2550,IA160869730,-93.6064775,41.5409064,False
2551,IA160869755,-93.5967716,41.5406405,False
2552,IA160870031,-93.4622637,41.5516318,False
2553,IA160871292,-93.4431969,41.5946973,False
2554,IA160871353,-93.4445775,41.601934,False
2555,IA160871369,-93.445085,41.618801,False
2556,IA160871374,-93.445145,41.629667,False
2557,IA160871410,-93.445125,41.65865,False
2558,IA160872174,-93.596611,41.596423,False
2559,IA160872196,-93.5945227,41.591826,False
2560,IA160872201,-93.5952878,41.5939492,False
2561,IA160872976,-93.606535,41.555373,False
2562,IA160872985,-93.606513,41.548134,False
2563,IA160873020,-93.606467,41.533633,False
2564,IA160877971,-93.730528,41.570373,False
2565,IA160878002,-93.7224668,41.5699215,False
2566,IA160878031,-93.7130466,41.5696429,False
2567,IA160878039,-93.7088924,41.5695142,False
2568,IA160878040,-93.7075168,41.5695097,False
2569,IA160878042,-93.7031374,41.5694244,False
2570,IA160879133,-93.707459,41.584578,False
2571,IA160879148,-93.713045,41.584591,False
2572,IA160879157,-93.718674,41.584603,False
2573,IA160879181,-93.732288,41.58462,False
2574,IA160879203,-93.7419806,41.584715,False
2575,IA160879233,-93.751838,41.5847638,False
2576,IA160879270,-93.7798954,41.5844966,False
2577,IA160879293,-93.790584,41.5843999,False
2578,IA160879528,-93.577511,41.550592,False
2579,IA160879585,-93.548963,41.543957,False
2580,IA160879721,-93.7500716,41.5265692,False
2581,IA160879742,-93.748171,41.51939,False
2582,IA160880331,-93.7905989,41.5896,False
2583,IA160880439,-93.70014,41.6004149,False
2584,IA160881218,-93.742253,41.596192,False
2585,IA160881235,-93.747108,41.596116,False
2586,IA160881298,-93.7470833,41.5956044,False
2587,IA160881322,-93.7517875,41.5945393,False
2588,IA160881326,-93.751977,41.594538,False
2589,IA160881370,-93.7712172,41.5954439,False
2590,IA160881500,-93.5392832,41.5182475,False
2591,IA160881993,-93.7362101,41.6012008,False
2592,IA160882305,-93.5871198,41.5933279,False
2593,IA160882309,-93.5871586,41.5955707,False
2594,IA160882394,-93.5872589,41.5932964,False
2595,IA160882908,-93.62575,41.540962,False
2596,IA160882922,-93.63544,41.540999,False
2597,IA160884223,-93.6084037,41.6076605,False
2598,IA160884832,-93.6192115,41.5855863,False
2599,IA160884834,-93.6200549,41.5878921,False
2600,IA160884883,-93.6196445,41.6002518,False
2601,IA160884885,-93.6196567,41.6004035,False
2602,IA160884897,-93.6197628,41.6035089,False
2603,IA160884916,-93.6198261,41.6112874,False
2604,IA160886086,-93.5583598,41.5935628,False
2605,IA160886101,-93.5584197,41.600472,False
2606,IA160886103,-93.5584191,41.6005815,False
2607,IA160887486,-93.521792,41.5107712,False
2608,IA160888260,-93.5690589,41.5804339,False
2609,IA160889466,-93.535359,41.600655,False
2610,IA160891416,-93.425804,41.618877,False
2611,IA160893305,-93.59693,41.548093,False
2612,IA160893308,-93.596728,41.548091,False
2613,IA160894062,-93.742341,41.60038,False
2614,IA160894067,-93.7423452,41.6004994,False
2615,IA160894693,-93.48197,41.600637,False
2616,IA160894838,-93.483886,41.618699,False
2617,IA160894845,-93.483769,41.635043,False
2618,IA160899834,-93.7610074,41.5265475,False
2619,IA160899850,-93.7606938,41.5194995,False
2620,IA160902403,-93.6065033,41.6076917,False
2621,IA160905646,-93.6448511,41.5857295,False
2622,IA160905760,-93.6439322,41.5959787,False
2623,IA160905773,-93.6437837,41.6004034,False
2624,IA160905776,-93.6438665,41.6022521,False
2625,IA160905781,-93.643867,41.6040745,False
2626,IA160907674,-93.659322,41.586168,False
2627,IA160907710,-93.6593628,41.598505,False
2628,IA160907803,-93.747197,41.600385,False
2629,IA160909063,-93.6470874,41.5956814,False
2630,IA160909131,-93.5933969,41.5973737,False
2631,IA160909483,-93.5932917,41.5971884,False
2632,IA160909563,-93.6360159,41.5959099,False
2633,IA160909651,-93.6729068,41.59138,False
2634,IA160909686,-93.6877048,41.592189,False
2635,IA160909844,-93.7463103,41.5922171,False
2636,IA160910891,-93.580733,41.599378,False
2637,IA160911620,-93.6450236,41.5120931,False
2638,IA160911921,-93.707491,41.57729,False
2639,IA160913145,-93.5486487,41.6005965,False
2640,IA160913279,-93.6065473,41.6003319,False
2641,IA160913287,-93.601933,41.6005509,False
2642,IA160913294,-93.5987576,41.6008252,False
2643,IA160913313,-93.5900399,41.6008422,False
2644,IA160913319,-93.5876912,41.6005131,False
2645,IA160913343,-93.5787443,41.6004435,False
2646,IA160913345,-93.5785637,41.6004495,False
2647,IA160913508,-93.5785413,41.600562,False
2648,IA160913510,-93.5783834,41.600556,False
2649,IA160913590,-93.5333707,41.6005943,False
2650,IA160913593,-93.531054,41.60064,False
2651,IA160914866,-93.6255199,41.5847338,False
2652,IA160914868,-93.6261995,41.5865827,False
2653,IA160914892,-93.6268603,41.5916023,False
2654,IA160915553,-93.708891,41.577294,False
2655,IA160916114,-93.623586,41.526477,False
2656,IA160916159,-93.6236171,41.5796593,False
2657,IA160916518,-93.5968764,41.569739,False
2658,IA160917675,-93.6450356,41.5685712,False
2659,IA160917692,-93.6451236,41.5627175,False
2660,IA160917702,-93.6450088,41.55544,False
2661,IA160917715,-93.6451173,41.5410016,False
2662,IA160917723,-93.6450754,41.5260464,False
2663,IA160917725,-93.6450717,41.5258704,False
2664,IA160917786,-93.6448881,41.5685737,False
2665,IA160917796,-93.6449481,41.5627166,False
2666,IA160917806,-93.6449153,41.5554455,False
2667,IA160917829,-93.6449613,41.5410002,True
2668,IA160917836,-93.6449096,41.5260914,False
2669,IA160917839,-93.6449041,41.5259182,False
2670,IA160917913,-93.6292709,41.5919188,False
2671,IA160917936,-93.6267345,41.5844759,False
2672,IA160917940,-93.6274184,41.5863137,False
2673,IA160918058,-93.7130386,41.577311,False
2674,IA160918069,-93.7131771,41.590351,False
2675,IA160919521,-93.6248978,41.5794854,False
2676,IA160919553,-93.6250965,41.5767266,False
2677,IA160919648,-93.7329463,41.5715121,False
2678,IA160919661,-93.7343248,41.5720255,False
2679,IA160919670,-93.7657707,41.5724729,False
2680,IA160919721,-93.7726378,41.5719083,False
2681,IA160919735,-93.7330208,41.571415,False
2682,IA160919932,-93.7797723,41.5736668,False
2683,IA160920752,-93.625758,41.561102,False
2684,IA160921119,-93.5969214,41.5406496,False
2685,IA160921197,-93.596937,41.581285,False
2686,IA160921201,-93.596937,41.58121,False
2687,IA160921231,-93.596927,41.555324,False
2688,IA160921280,-93.59669,41.524645,False
2689,IA160921317,-93.596778,41.581206,False
2690,IA160921319,-93.596777,41.58128,False
2691,IA160921395,-93.596718,41.555322,False
2692,IA160922289,-93.6279834,41.5842097,False
2693,IA160922294,-93.6286381,41.5860463,False
2694,IA160922342,-93.6293787,41.6008101,False
2695,IA160922742,-93.520202,41.581542,False
2696,IA160923530,-93.6257027,41.5265312,False
2697,IA160923570,-93.6257741,41.555458,False
2698,IA160923676,-93.626152,41.579328,False
2699,IA160925159,-93.637229,41.5825023,False
2700,IA160925179,-93.6230592,41.5852583,False
2701,IA160925189,-93.631632,41.5834284,False
2702,IA160925212,-93.51462,41.590393,False
2703,IA160925284,-93.5170355,41.6006181,False
2704,IA160925602,-93.594367,41.581224,False
2705,IA160927702,-93.6101925,41.5909074,True
2706,IA160927708,-93.5876515,41.5954963,False
2707,IA160927793,-93.657839,41.56573,False
2708,IA160927797,-93.657826,41.562553,False
2709,IA160927801,-93.657795,41.555493,False
2710,IA160928626,-93.642042,41.526552,True
2711,IA160928760,-93.6455087,41.5257483,False
2712,IA160928794,-93.6278935,41.526495,False
2713,IA160929772,-93.7723457,41.6037417,False
2714,IA160930013,-93.7713978,41.6005008,False
2715,IA160930787,-93.623732,41.587097,True
2716,IA160930793,-93.6298732,41.5857967,False
2717,IA160930805,-93.6323302,41.585275,False
2718,IA160930822,-93.6367025,41.5843399,False
2719,IA160930824,-93.6391385,41.5838223,False
2720,IA160931112,-93.61476,41.5879467,True
2721,IA160931655,-93.693672,41.541031,False
2722,IA160931701,-93.6914242,41.5556017,False
2723,IA160932016,-93.577462,41.555153,False
2724,IA160932073,-93.616125,41.555414,False
2725,IA160932641,-93.609405,41.5888286,False
2726,IA160932644,-93.6080109,41.5891093,False
2727,IA160932991,-93.587139,41.581302,False
2728,IA160934383,-93.6307868,41.5882774,False
2729,IA160934385,-93.6331941,41.5880334,False
2730,IA160934390,-93.6371172,41.5880729,False
2731,IA160935836,-93.55834,41.58419,False
2732,IA160935842,-93.5583098,41.5801986,False
2733,IA160936174,-93.5752007,41.5807449,False
2734,IA160936572,-93.502939,41.593046,False
2735,IA160936664,-93.5308897,41.5830296,False
2736,IA160936725,-93.509802,41.592352,False
2737,IA160937521,-93.7518453,41.5712978,False
2738,IA160937550,-93.7520407,41.6003903,False
2739,IA160937819,-93.7251225,41.5165338,False
2740,IA160938568,-93.622372,41.572238,False
2741,IA160938758,-93.6585242,41.6149634,False
2742,IA160938891,-93.712858,41.61469,False
2743,IA160939428,-93.581287,41.614977,False
2744,IA160939562,-93.5812886,41.6150966,False
2745,IA160940418,-93.7035737,41.555526,False
2746,IA160941012,-93.5489465,41.536703,False
2747,IA160942372,-93.5794644,41.600032,False
2748,IA160942388,-93.577776,41.600992,False
2749,IA160942462,-93.5780612,41.6007752,False
2750,IA160944284,-93.732297,41.577379,False
2751,IA160944759,-93.6353309,41.5554364,False
2752,IA160945877,-93.6229,41.5847974,False
2753,IA160946390,-93.597959,41.581268,False
2754,IA160947577,-93.7866395,41.5920931,False
2755,IA160947593,-93.787149,41.592301,False
2756,IA160950533,-93.64266,41.604073,False
2757,IA160950544,-93.6584399,41.6040126,False
2758,IA160951874,-93.525208,41.511866,False
2759,IA160954332,-93.6261065,41.5707532,False
2760,IA160955806,-93.732082,41.519313,False
2761,IA160957289,-93.6395457,41.5934875,False
2762,IA160963356,-93.6152778,41.6003687,False
2763,IA160963409,-93.6378043,41.6004349,False
2764,IA160963416,-93.642568,41.600413,False
2765,IA160963442,-93.6641977,41.6003534,False
2766,IA160963481,-93.6987914,41.600411,False
2767,IA160963750,-93.6400724,41.5858125,False
2768,IA160963791,-93.6412148,41.5856987,False
2769,IA160963793,-93.6424859,41.5857297,False
2770,IA160963820,-93.6641819,41.5863227,False
2771,IA160963846,-93.6816885,41.5864263,False
2772,IA160963871,-93.6937604,41.5863582,False
2773,IA160964106,-93.6105935,41.591966,False
2774,IA160966230,-93.6098378,41.589971,False
2775,IA160966464,-93.6930881,41.6112627,False
2776,IA160966481,-93.7037528,41.61127,False
2777,IA160967941,-93.5032407,41.6006045,False
2778,IA160969257,-93.6108597,41.600376,False
2779,IA160969546,-93.5971211,41.5835729,False
2780,IA160975011,-93.6065483,41.6004311,False
2781,IA160976217,-93.4694755,41.6006401,False
2782,IA160978588,-93.5246179,41.6009287,False
2783,IA160980015,-93.6743604,41.5555461,True
2784,IA160981077,-93.5194917,41.6000189,False
2785,IA160985080,-93.637687,41.5916812,False
2786,IA160989067,-93.7323909,41.5722962,False
2787,IA160991037,-93.6787753,41.5555591,False
2788,IA160994974,-93.5975627,41.5812757,False
2789,IA160994980,-93.595857,41.581218,False
2790,IA161004052,-93.6459436,41.5627309,False
2791,IA161192363,-93.497579,41.498875,False
2792,IA161193675,-93.7800079,41.488712,False
2793,IA161193753,-93.7776347,41.4828872,False
2794,IA161193783,-93.779676,41.297631,False
2795,IA161193813,-93.7811027,41.2934699,False
2796,IA161193820,-93.7808341,41.2934601,False
2797,IA161193840,-93.780018,41.290485,False
2798,IA161194225,-93.517727,41.509484,False
2799,IA161194255,-93.737366,41.36958,False
2800,IA161194311,-93.739184,41.371283,False
2801,IA161194519,-93.7821004,41.3626926,False
2802,IA161194577,-93.7800629,41.3578384,False
2803,IA161195203,-93.5724929,41.5058735,False
2804,IA161195968,-93.7810711,41.2303239,False
2805,IA161195996,-93.782488,41.227824,False
2806,IA161196019,-93.782456,41.223236,False
2807,IA161196716,-93.778575,41.314789,False
2808,IA161196731,-93.777919,41.312849,False
2809,IA161196762,-93.777986,41.311914,False
2810,IA161196785,-93.778492,41.309521,False
2811,IA161197136,-93.6325874,41.5016102,False
2812,IA161197211,-93.617766,41.498142,False
2813,IA161197503,-93.780702,41.232669,True
2814,IA161197517,-93.780073,41.22785,False
2815,IA161197521,-93.7795992,41.3579763,False
2816,IA161197574,-93.7781571,41.363515,False
2817,IA161197714,-93.7807266,41.3683872,False
2818,IA161198135,-93.7825236,41.1765867,False
2819,IA161198211,-93.782016,41.224273,False
2820,IA161199203,-93.6334869,41.502339,False
2821,IA161199288,-93.617815,41.498441,False
2822,IA161199452,-93.571649,41.506031,False
2823,IA161199685,-93.779483,41.297304,False
2824,IA161199727,-93.778581,41.293461,False
2825,IA161199762,-93.779761,41.290192,False
2826,IA161199832,-93.7800299,41.4764953,False
2827,IA161200081,-93.7805026,41.4888413,False
2828,IA161200166,-93.7829271,41.4828516,False
2829,IA161200443,-93.6379212,41.5044168,False
2830,IA161200489,-93.644953,41.5035819,False
2831,IA161200513,-93.636304,41.503372,False
2832,IA161200922,-93.6475085,41.5089771,False
2833,IA161200940,-93.6450721,41.5080738,False
2834,IA161201760,-93.790789,41.3884082,False
2835,IA161202583,-93.739509,41.370964,False
2836,IA161202630,-93.74222,41.3709,False
2837,IA161202651,-93.562048,41.508522,False
2838,IA161202735,-93.5644519,41.5081439,False
2839,IA161203034,-93.5823938,41.2869719,False
2840,IA161203374,-93.564221,41.28977,False
2841,IA161203437,-93.561337,41.28532,False
2842,IA161204639,-93.559298,41.472061,False
2843,IA161205151,-93.558446,41.440033,False
2844,IA161205153,-93.558711,41.440033,False
2845,IA161205202,-93.587506,41.438721,False
2846,IA161205262,-93.621398,41.438904,False
2847,IA161205281,-93.657516,41.439046,False
2848,IA161205409,-93.688345,41.440835,False
2849,IA161206287,-93.6774909,41.5108852,False
2850,IA161206404,-93.558308,41.360277,False
2851,IA161206409,-93.558323,41.358278,True
2852,IA161207768,-93.7313395,41.4830377,False
2853,IA161207788,-93.750491,41.483267,False
2854,IA161207839,-93.7905844,41.4830873,False
2855,IA161208034,-93.559044,41.47216,False
2856,IA161208099,-93.539991,41.4745033,False
2857,IA161208317,-93.497935,41.498514,False
2858,IA161208320,-93.497806,41.498595,False
2859,IA161210526,-93.645138,41.355374,False
2860,IA161210577,-93.6448779,41.5120942,False
2861,IA161211033,-93.56098,41.36934,False
2862,IA161211035,-93.562336,41.369348,False
2863,IA161211045,-93.568012,41.3693938,False
2864,IA161211987,-93.7905802,41.4324096,False
2865,IA161213388,-93.731463,41.300667,False
2866,IA161214695,-93.576648,41.360391,False
2867,IA161214722,-93.576702,41.357037,True
2868,IA161216434,-93.745567,41.432294,False
2869,IA161217175,-93.547493,41.358059,False
2870,IA161217586,-93.442641,41.291271,True
2871,IA161218352,-93.4912576,41.3608091,False
2872,IA161219970,-93.560943,41.358314,False
2873,IA161219991,-93.539606,41.357866,False
2874,IA161220370,-93.560934,41.363385,False
2875,IA161220374,-93.560939,41.361338,False
2876,IA161220378,-93.560964,41.360301,False
2877,IA161221518,-93.487114,41.494473,False
2878,IA161221716,-93.5798789,41.5047761,False
2879,IA161221993,-93.487192,41.4943768,False
2880,IA161222000,-93.484855,41.493379,False
2881,IA161222711,-93.580138,41.50501,False
2882,IA161227556,-93.558453,41.375964,False
2883,IA161228599,-93.6824379,41.4753715,False
2884,IA161228602,-93.6826139,41.4753715,False
2885,IA161228662,-93.7748785,41.17666,False
2886,IA161229594,-93.558829,41.394893,False
2887,IA161231324,-93.539714,41.36519,False
2888,IA161232748,-93.5775678,41.3568022,True
2889,IA161233091,-93.730262,41.180307,False
2890,IA161233767,-93.437329,41.436053,False
2891,IA161234541,-93.731452,41.36637,False
2892,IA161235504,-93.765723,41.322848,False
2893,IA161235854,-93.481585,41.440107,False
2894,IA161235993,-93.576673,41.363504,False
2895,IA161236757,-93.65493,41.248936,False
2896,IA161236965,-93.4845299,41.493919,False
2897,IA161238070,-93.7802165,41.368016,False
2898,IA161239326,-93.731434,41.176743,False
2899,IA161241991,-93.584032,41.363629,False
2900,IA161242061,-93.562311,41.363393,False
2901,IA161243094,-93.5587577,41.3802921,False
2902,IA161243095,-93.558477,41.376938,True
2903,IA161243100,-93.558391,41.369292,False
2904,IA161243105,-93.558367,41.365656,False
2905,IA161243107,-93.558339,41.363356,False
2906,IA161243110,-93.558313,41.361297,False
2907,IA161243123,-93.5585518,41.3802931,True
2908,IA161243208,-93.669398,41.3077,False
2909,IA161243705,-93.584224,41.356177,False
2910,IA161245723,-93.7122367,41.4975194,False
2911,IA161245773,-93.6741983,41.4970232,False
2912,IA161245803,-93.654832,41.49756,False
2913,IA161247712,-93.476604,41.366373,False
2914,IA161248764,-93.558362,41.445804,False
2915,IA161248765,-93.558626,41.445794,False
2916,IA161250185,-93.562302,41.36033,False
2917,IA161250764,-93.442794,41.435952,False
2918,IA161250994,-93.731675,41.256678,False
2919,IA161252026,-93.4947756,41.4730613,False
2920,IA161254245,-93.654996,41.475665,False
2921,IA161255275,-93.562308,41.358322,False
2922,IA161255938,-93.733241,41.398897,False
2923,IA161256055,-93.73887,41.371867,False
2924,IA161256066,-93.7396402,41.3706205,False
2925,IA161256873,-93.606382,41.3563803,False
2926,IA161257093,-93.6167208,41.3074895,False
2927,IA161257351,-93.6309,41.475449,False
2928,IA161257912,-93.5826536,41.3072092,False
2929,IA161257940,-93.5823685,41.2850589,False
2930,IA161259858,-93.65528,41.307453,True
2931,IA161259933,-93.561381,41.3071869,False
2932,IA161261503,-93.7126954,41.5121514,False
2933,IA161262339,-93.713334,41.482181,False
2934,IA161263521,-93.476608,41.349556,False
2935,IA161263741,-93.6840273,41.471653,False
2936,IA161264404,-93.51056,41.433617,True
2937,IA161264976,-93.558864,41.431165,False
2938,IA161265558,-93.5732092,41.5082329,False
2939,IA161265575,-93.5691148,41.5024798,False
2940,IA161265790,-93.558462,41.431155,False
2941,IA161265813,-93.558497,41.390606,False
2942,IA352902890,-93.5718649,41.5063038,False
2943,IA352902985,-93.5713893,41.5056579,False
2944,IA352903087,-93.5758969,41.5102519,False
2945,IA352903207,-93.6520154,41.5107747,True
2946,IA352903218,-93.6540026,41.5120065,False
2947,IA352905402,-93.6425726,41.5953093,False
2948,IA352905413,-93.6270791,41.595701,False
2949,IA352905453,-93.6442696,41.5963978,False
2950,IA352905458,-93.637383,41.5964883,False
2951,IA352905522,-93.6330315,41.5960969,False
2952,IA352905562,-93.6377874,41.5985557,False
2953,IA352905582,-93.6373225,41.5978507,False
2954,IA352905631,-93.6441533,41.5957627,False
2955,IA352905633,-93.6386255,41.5955023,False
2956,IA352905635,-93.6309709,41.5955051,False
2957,IA352905684,-93.6443024,41.5953215,False
2958,IA352905700,-93.6448324,41.5880643,False
2959,IA352905705,-93.6446526,41.5857315,False
2960,IA352905758,-93.6432664,41.5938192,False
2961,IA352905760,-93.6443575,41.5943772,False
2962,IA352905817,-93.6420146,41.6019458,False
2963,IA352905851,-93.6243144,41.5816672,False
2964,IA352905909,-93.6218602,41.5819934,False
2965,IA352905913,-93.6294551,41.5810993,False
2966,IA352905919,-93.6375694,41.5817828,False
2967,IA352905944,-93.63757,41.5816299,False
2968,IA352905949,-93.6293816,41.580888,True
2969,IA352905986,-93.6449648,41.5800194,False
2970,IA352905988,-93.6449614,41.580144,False
2971,IA352906003,-93.6448045,41.5755493,False
2972,IA373689616,-93.7774322,41.5923002,False
2973,IA373689702,-93.7226114,41.5934393,False
2974,IA373689725,-93.7095346,41.593395,False
2975,IA390034309,-93.5991248,41.5965677,False
2976,IA390034310,-93.596485,41.5970896,False
2977,IA390034314,-93.5960979,41.5960704,False
2978,IA390034449,-93.598741,41.5955181,False
2979,IA390034603,-93.605023,41.5946824,False
2980,IA390034607,-93.6023199,41.5950531,False
2981,IA390034695,-93.6108313,41.5945407,False
2982,IA390035158,-93.6081788,41.5944236,False
2983,IA390035220,-93.6086821,41.5958321,False
2984,IA390035221,-93.6098346,41.5959057,False
2985,IA390035223,-93.6024159,41.5956252,False
2986,IA390035810,-93.5967937,41.5965865,False
2987,IA390035984,-93.601681,41.5957767,False
2988,IA390035990,-93.607629,41.595156,False
2989,IA390039744,-93.5849227,41.600684,False
2990,IA390040458,-93.582818,41.6005786,False
2991,IA390040547,-93.5877946,41.6006551,False
2992,IA390040565,-93.5803168,41.6037076,False
2993,IA390040637,-93.5855428,41.6006204,False
2994,IA390953069,-93.6244422,41.5905105,True
2995,IA391144858,-93.445236,41.644153,False
2996,IA391145903,-93.7185774,41.596462,False
2997,IA391145909,-93.7180379,41.6003995,False
2998,IA391145914,-93.7134518,41.5918291,False
2999,IA391145974,-93.7713099,41.6003872,False
3000,IA391146105,-93.8422657,41.5798023,False
3001,IA391146108,-93.84232,41.5907,False
3002,IA391146113,-93.8434194,41.6004227,False
3003,IA391146126,-93.8343575,41.5802176,False
3004,IA391146998,-93.481958,41.598226,False
3005,IA391147090,-93.48182,41.581273,False
3006,IA391147150,-93.481932,41.59424,False
3007,IA391147154,-93.48193,41.593276,False
3008,IA391147198,-93.483955,41.600636,False
3009,IA391147210,-93.462222,41.580482,False
3010,IA391151783,-93.5967394,41.5118368,False
3011,IA391151857,-93.6063875,41.511906,True
3012,IA391152441,-93.703415,41.585885,False
3013,IA391152457,-93.703369,41.555648,True
3014,IA391152460,-93.703369,41.555526,False
3015,IA391152480,-93.7035772,41.5943138,False
3016,IA391152497,-93.7035295,41.5918371,False
3017,IA391153315,-93.880669,41.5617743,False
3018,IA391153317,-93.866309,41.577797,True
3019,IA391153376,-93.880678,41.564063,False
3020,IA391153520,-93.8287206,41.5796739,False
3021,IA391153522,-93.828679,41.579694,False
3022,IA391201794,-93.484776,41.493505,False
3023,IA391214123,-93.558515,41.394875,False
3024,IA391515907,-93.6425306,41.5963905,False
3025,IA403458998,-93.8022484,41.5922189,False
3026,IA403459799,-93.8090561,41.5932602,False
3027,IA403459814,-93.8124508,41.5905919,True
3028,IA403460658,-93.7970556,41.5922229,False
3029,IA403461453,-93.7906093,41.5930508,False
3030,IA403462271,-93.792978,41.5947924,False
3031,IA419158549,-93.8482256,41.5718586,False
3032,IA419158563,-93.8027512,41.5920431,True
3033,IA428973569,-93.7035748,41.5556459,False
3034,IA428974239,-93.6972666,41.5284439,False
3035,IA428974533,-93.8139232,41.5897457,True
3036,IA428974560,-93.8089282,41.5902421,True
3037,IA428974627,-93.8153616,41.5887306,False
3038,IA428974665,-93.8089299,41.5923101,False
3039,IA428974829,-93.8083569,41.5917557,False
3040,IA428974920,-93.7974728,41.5920574,False
3041,IA428981404,-93.7177437,41.5251126,False
3042,IA435998080,-93.6193322,41.5823266,False
3043,IA435998090,-93.6217828,41.5817939,False
3044,IA435998091,-93.6242412,41.5814634,False
3045,IA454729557,-93.7519457,41.5919234,False
3046,IA454729566,-93.7519345,41.5910052,False
3047,IA454729572,-93.7517635,41.592956,False
3048,IA454729573,-93.7517612,41.5911231,False
3049,IA454729575,-93.7517487,41.5915672,False
3050,IA482815531,-93.571722,41.5059988,False
3051,IA493079350,-93.6800646,41.5128798,False
3052,IA503237063,-93.6447236,41.5073394,False
3053,IA503237520,-93.6161334,41.4978363,False
3054,IA541335360,-93.77684,41.5920943,False
3055,IA541335362,-93.7777739,41.5923112,False
3056,IA541335366,-93.7774523,41.5920012,False
3057,IA541335372,-93.7711642,41.5916464,False
3058,IA541335374,-93.7711873,41.5928195,False
3059,IA541335376,-93.7784347,41.5953857,False
3060,IA541335379,-93.7745072,41.5952612,False
3061,IA541335383,-93.7771072,41.6002071,False
3062,IA541801189,-93.7766113,41.5590864,False
3063,IA541801193,-93.7767174,41.5590848,False
3064,IA541801196,-93.7765831,41.5592356,False
3065,IA541801198,-93.7766947,41.559235,False
3066,IA542000541,-93.7765755,41.5540879,False
3067,IA542000543,-93.7763146,41.5541111,False
3068,IA542000545,-93.7773731,41.5580033,False
3069,IA542000547,-93.7758864,41.5579646,True
3070,IA542000549,-93.7786191,41.559053,False
3071,IA542000550,-93.7785229,41.5592363,False
3072,IA542000572,-93.7773974,41.5605822,False
3073,IA542000586,-93.7747365,41.5590888,False
3074,IA542000587,-93.7746672,41.5592472,False
3075,IA542000589,-93.7759364,41.5603368,False
3076,IA542000591,-93.7767558,41.5649628,False
3077,IA542000592,-93.7769974,41.5641274,False
3078,IA542889462,-93.6143708,41.5713878,False
3079,IA542889668,-93.6166772,41.5748836,False
3080,IA542890412,-93.6154205,41.5723264,False
3081,IA542890417,-93.6153063,41.5724183,False
3082,IA542892814,-93.5786872,41.5123165,False
3083,IA542892832,-93.5831349,41.5418983,False
3084,IA542892876,-93.5967472,41.5532998,False
3085,IA542893013,-93.5969559,41.5534979,False
3086,IA544514003,-93.524699,41.6003046,False
3087,IA544514004,-93.5246668,41.6004233,False
3088,IA550398359,-93.7944711,41.5598854,False
3089,IA550398976,-93.8095008,41.5609224,False
3090,IA550399084,-93.799833,41.5617579,False
3091,IA550401448,-93.8090153,41.5826935,False
3092,IA550401456,-93.8089439,41.5889545,False
3093,IA550401501,-93.8091886,41.5685008,False
3094,IA550401541,-93.8092253,41.5609447,False
3095,IA550401719,-93.8092224,41.5611002,False
3096,IA550402364,-93.7518679,41.5701021,False
3097,IA550402936,-93.7565945,41.5678578,False
3098,IA550403547,-93.7656764,41.560052,False
3099,IA550403732,-93.7827384,41.5409357,False
3100,IA550406724,-93.6447536,41.5800178,False
3101,IA550406729,-93.6447526,41.5801442,False
3102,IA550409081,-93.629926,41.5912638,False
3103,IA550409659,-93.6294776,41.5909106,False
3104,IA550409673,-93.6295931,41.5904547,False
3105,IA550409833,-93.6291818,41.5916217,False
3106,IA550409842,-93.6293115,41.591621,False
3107,IA550410361,-93.6286799,41.5905684,False
3108,IA551100728,-93.960337,41.5461761,False
3109,IA551100739,-93.9276885,41.5533875,False
3110,IA551100771,-93.8852366,41.5621054,False
3111,IA551100773,-93.8861736,41.5616237,False
3112,IA551107161,-93.7635633,41.592347,False
3113,IA559704058,-93.6426305,41.6022395,False
3114,IA559704325,-93.6423081,41.6022096,False
3115,IA559704333,-93.6426469,41.6024598,False
3116,IA566815852,-93.5193433,41.5244744,False
3117,IA566815867,-93.51245,41.5674514,False
3118,IA566815876,-93.513344,41.5722086,False
3119,IA567496952,-93.6844914,41.5140647,False
3120,IA567496953,-93.6797703,41.5138975,False
3121,IA588086979,-93.6374746,41.5977901,False
3122,IA588086980,-93.6353081,41.595421,False
3123,IA588086981,-93.635593,41.5954246,False
3124,IA588097828,-93.6361535,41.5963812,False
3125,IA588097830,-93.6363736,41.5963641,False
3126,IA588097867,-93.6246537,41.5962144,False
3127,IA588138783,-93.583198,41.6014365,False
3128,IA588138817,-93.5786061,41.6046104,False
3129,IA588254427,-93.6247286,41.5826764,False
3130,IA588254428,-93.6241948,41.5826534,False
3131,IA588284667,-93.6280492,41.5810297,False
3132,IA600238296,-93.5946741,41.5897549,False
3133,IA674272847,-93.79065,41.595117,False
3134,IA674281703,-93.7905994,41.5952432,False
3135,IA674281718,-93.7907733,41.5952137,False
3136,IA705209149,-93.6937429,41.5930837,False
3137,IA705313713,-93.7033384,41.5772634,False
3138,IA706718454,-93.8332097,41.5911132,False
3139,IA706718542,-93.8280579,41.5898107,False
3140,IA706724720,-93.8283071,41.5847627,False
3141,IA706724741,-93.8327746,41.5831683,False
3142,IA790683316,-93.8091582,41.5734358,False
3143,IA790693603,-93.7609944,41.5921675,False
3144,IA880024701,-93.7792124,41.600394,False
3145,IA906318784,-93.7123058,41.51934,False
3146,IA1025838674,-93.8066187,41.5390156,False
3147,IA1025838702,-93.7991674,41.5562726,False
3148,IA1025838733,-93.7943059,41.5600159,False
3149,IA1025838743,-93.7904595,41.5613822,False
3150,IA1028968232,-93.7965419,41.5689847,True
3151,IA1028981471,-93.8091542,41.5732918,False
3152,IA1028981501,-93.7883566,41.575378,False
3153,IA1028981513,-93.8093708,41.5732884,False
3154,IA1028981538,-93.7998918,41.5737872,False
3155,IA1028987131,-93.799833,41.5686524,False
3156,IA1028989970,-93.8091879,41.5683573,False
3157,IA1028989995,-93.8094066,41.5683567,False
3158,IA1029129967,-93.784427,41.5638555,False
3159,IA1029129968,-93.784775,41.5635662,False
3160,IA1029129972,-93.7840285,41.5637617,False
3161,IA1029129974,-93.7844445,41.5636452,False
3162,IA1029129978,-93.7845009,41.5635992,False
3163,IA1029138907,-93.7849329,41.5636794,False
3164,IA1029138926,-93.7848817,41.5639029,False
3165,IA1029148410,-93.7904579,41.5638986,False
3166,IA1029169104,-93.7853595,41.5589807,False
3167,IA1029169114,-93.7855314,41.5591714,False
3168,IA1029814345,-93.7966348,41.5614445,False
3169,IA1029814355,-93.799851,41.5593485,False
3170,IA1029824722,-93.7928076,41.5606516,False
3171,IA1078053615,-93.6072838,41.5829012,False
3172,IA1114261303,-93.6446222,41.5880641,False
3173,IA1114261309,-93.7482756,41.5847298,False
3174,IA1115592492,-93.6773709,41.5109808,False
3175,IA1117294554,-93.7855396,41.5589788,False
3176,IA1118312095,-93.5441428,41.5316676,False
3177,IA1118312107,-93.544085,41.5258253,False
3178,IA1118312123,-93.5440858,41.5292899,False
3179,IA1118321935,-93.5722595,41.5064833,False
3180,IA1118321936,-93.5692619,41.5021606,False
3181,IA1118321946,-93.5724775,41.5067698,False
3182,IA1127315149,-93.7132756,41.5265797,False
3183,IA1143263753,-93.6170414,41.5762645,False
3184,IA1164596860,-93.6371226,41.5882755,False
3185,IA1164596891,-93.6377993,41.5916754,False
3186,IA1188397952,-93.6276656,41.5958995,False
3187,IA1194247225,-93.6353335,41.5266058,False
3188,IA1206817653,-93.4441189,41.6003857,False
3189,IA1206817696,-93.4441254,41.6006665,False
3190,IA1206817730,-93.4439702,41.6003831,False
3191,IA1206817765,-93.4431609,41.5968378,False
3192,IA1206817795,-93.4439646,41.6006674,False
3193,IA1206898059,-93.4441223,41.6005313,False
3194,IA1206898193,-93.4432717,41.5968401,False
3195,IA1206898498,-93.4668922,41.5998469,False
3196,IA1206898591,-93.4439641,41.6006168,False
3197,IA1206898648,-93.4678108,41.5952319,False
3198,IA1206898768,-93.4441194,41.60041,False
3199,IA1206898846,-93.4413693,41.6006651,False
3200,IA1206898879,-93.4465284,41.6003807,False
3201,IA1206898888,-93.4439654,41.6004976,False
3202,IA1219201332,-93.8107027,41.5520378,False
3203,IA1219202155,-93.7993433,41.5561683,False
3204,IA1219202249,-93.8000259,41.5593462,False
3205,IA1219202357,-93.8099743,41.5531873,False
3206,IA1219224157,-93.8000315,41.56191,False
3207,IA1219224162,-93.8000017,41.568653,False
3208,IA1219224180,-93.8000589,41.5739255,False
3209,IA1219224183,-93.8000151,41.573777,False
3210,IA1219224187,-93.8000006,41.5685157,False
3211,IA1219224202,-93.8000245,41.5617443,False
3212,IA1223887951,-93.7853249,41.563755,False
3213,IA1224512083,-93.7499353,41.5701595,False
3214,IA1249559378,-93.8188059,41.567516,False
3215,IA1249561451,-93.8189138,41.5558814,False
3216,IA1249561456,-93.8121361,41.5558033,False
3217,IA1250708744,-93.7036517,41.593585,False
3218,IA1250708899,-93.7036352,41.5926093,False
3219,IA1251964841,-93.8283542,41.5655386,False
3220,IA1257619718,-93.7183708,41.5957777,False
3221,IA1280792878,-93.5721213,41.506251,False
3222,IA1287856202,-93.6450543,41.5092666,False
3223,IA1287856216,-93.6449353,41.5059569,False
3224,IA1287856223,-93.6449259,41.5071853,False
3225,IA1287856242,-93.6449089,41.5092493,False
3226,IA1295592398,-93.7362573,41.6050276,False
3227,IA1299013797,-93.809534,41.5553177,False
3228,IA1299013926,-93.8093119,41.5553205,False
3229,IA1299040542,-93.7953821,41.5636612,False
3230,IA1304076411,-93.7037398,41.6022788,False
3231,IA1304792422,-93.6380236,41.5989476,False
3232,IA1315529096,-93.7973669,41.5606672,False
3233,IA1486253901,-93.7762647,41.5469225,False
3234,IA1486253902,-93.7760012,41.5469492,False
3235,IA1486648586,-93.7057066,41.5389183,False
3236,IA1490068677,-93.68534,41.516599,False
3237,IA1509363927,-93.5440905,41.5184231,False
3238,IA1539007742,-93.8227306,41.5384234,False
3239,IA1613827321,-93.6937477,41.5920275,False
3240,IA1705211191,-93.6227703,41.570003,False
3241,IA1705211194,-93.6228684,41.5684068,False
3242,IA1705211200,-93.6247477,41.5777254,False
3243,IA1705211208,-93.6255533,41.5777022,False
3244,IA1785503752,-93.7362343,41.6008289,False
3245,IA1841726809,-93.7903875,41.3603775,False
3246,IA1923819786,-93.6658206,41.5930967,False
3247,IA1923819794,-93.653652,41.5932763,False
3248,IA1923819797,-93.6654049,41.5932944,False
3249,IA1982804564,-93.6256995,41.4938147,False
3250,IA1982804670,-93.6450818,41.4975554,False
3251,IA2031975108,-93.8054328,41.5897323,False
3252,IA2033352423,-93.5833602,41.5421211,False
3253,IA2186588626,-93.7463529,41.5961272,False
3254,IA2186667668,-93.7518894,41.6004994,False
3255,IA2186667671,-93.7520418,41.6005011,False
3256,IA2186667683,-93.7471992,41.6004955,False
3257,IA2186667685,-93.7366061,41.6004962,False
3258,IA2186667698,-93.7362268,41.6004814,False
3259,IA2328204047,-93.7749581,41.6003909,False
3260,IA2328204049,-93.7749865,41.6005003,False
3261,IA2328204050,-93.7712506,41.6005009,False
3262,IA2328215334,-93.7793179,41.6005154,False
3263,IA2328215342,-93.7792073,41.6005153,False
3264,IA2328215344,-93.7793183,41.6003934,False
3265,IA2328238219,-93.794162,41.6003724,False
3266,IA2328238220,-93.7943333,41.6003738,False
3267,IA2328270478,-93.8088971,41.6005297,False
3268,IA2328270481,-93.8088199,41.6004073,False
3269,IA2328270482,-93.7943313,41.6004938,False
3270,IA2328270485,-93.794164,41.6004935,False
3271,IA2356695243,-93.7048951,41.6004257,False
3272,IA2357257018,-93.7036022,41.6003583,False
3273,IA2357257045,-93.7037528,41.6004593,False
3274,IA2357257049,-93.7037544,41.6003592,False
3275,IA2357257059,-93.7036011,41.6004636,False
3276,IA2357593592,-93.7183517,41.5976703,False
3277,IA2359785039,-93.7037574,41.6148399,False
3278,IA2557643008,-93.8434205,41.6003815,False
3279,IA2560801745,-93.7023703,41.5413704,False
3280,IA2560801746,-93.7228222,41.5190847,False
3281,IA2560801749,-93.7197363,41.5227549,False
3282,IA2560801751,-93.7157254,41.5274009,False
3283,IA2560801760,-93.7141816,41.5291367,False
3284,IA2560801769,-93.7250104,41.5164822,False
3285,IA2579711025,-93.8093142,41.5551767,False
3286,IA2579711420,-93.8095364,41.5551765,False
3287,IA2580159516,-93.7992444,41.5560748,False
3288,IA2580159567,-93.7942948,41.5597604,False
3289,IA2580159593,-93.7990684,41.5561791,False
3290,IA2580159630,-93.7941295,41.5598909,False
3291,IA2580159713,-93.8100319,41.5530798,False
3292,IA2580159792,-93.8102242,41.5531374,False
3293,IA2580176506,-93.790652,41.558956,False
3294,IA2580176507,-93.7906094,41.5613833,False
3295,IA2580176510,-93.7905236,41.5581433,False
3296,IA2580176513,-93.7904597,41.558957,False
3297,IA2580176515,-93.7906564,41.5591198,False
3298,IA2580176516,-93.7905987,41.5638995,False
3299,IA2581069094,-93.7966862,41.5616458,False
3300,IA2581069104,-93.7967826,41.5614988,False
3301,IA2581984032,-93.4978586,41.5239704,False
3302,IA2586811037,-93.8045125,41.5969591,True
3303,IA2586822035,-93.831315,41.5540813,False
3304,IA2586822041,-93.8284718,41.5541031,False
3305,IA2586822271,-93.8287861,41.5655067,False
3306,IA2586822449,-93.8282724,41.5738708,True
3307,IA2586832575,-93.8662327,41.5873034,False
3308,IA2589755448,-93.5987588,41.5553425,False
3309,IA2589755471,-93.5969389,41.5545476,False
3310,IA2655260557,-93.8157969,41.600453,False
3311,IA2657121435,-93.5991392,41.5846113,False
3312,IA2657121436,-93.5990634,41.5844208,False
3313,IA2657121437,-93.5943832,41.5851042,False
3314,IA2657121440,-93.5943849,41.5848954,False
3315,IA2657121442,-93.5916471,41.5851592,False
3316,IA2657121469,-93.5871254,41.5852012,False
3317,IA2663542186,-93.8088668,41.5969523,False
3318,IA2673352256,-93.8283573,41.5654418,False
3319,IA2673352257,-93.8323778,41.5588525,False
3320,IA2673352262,-93.828001,41.5599754,False
3321,IA2678312922,-93.8091355,41.5901959,False
3322,IA2678312923,-93.8091082,41.5911176,False
3323,IA2678312924,-93.8090052,41.5969641,False
3324,IA2678312927,-93.8090034,41.597092,False
3325,IA2678312932,-93.8089578,41.6004076,False
3326,IA2679729365,-93.8089422,41.5890843,False
3327,IA2679729370,-93.8091652,41.589086,False
3328,IA2696619380,-93.8375395,41.5866721,False
3329,IA2696629263,-93.83686,41.5803233,False
3330,IA2747654684,-93.8547064,41.5787604,False
3331,IA2750762356,-93.6367009,41.5826872,False
3332,IA2834830823,-93.7905762,41.5764163,False
3333,IA2834830824,-93.7904678,41.575301,False
3334,IA2834830828,-93.7904441,41.5754717,False
3335,IA2834830829,-93.7906352,41.5753017,False
3336,IA2896434623,-93.7815419,41.5590205,True
3337,IA3048355563,-93.6618106,41.584454,False
3338,IA3085530790,-93.6804434,41.5864181,False
3339,IA3111010410,-93.7767432,41.5413274,False
3340,IA3111010414,-93.7734014,41.5413352,False
3341,IA3111010416,-93.7767431,41.5410377,False
3342,IA3111010422,-93.7733056,41.541056,False
3343,IA3113888902,-93.7984454,41.5556407,False
3344,IA3113888904,-93.7953785,41.555475,False
3345,IA3114139191,-93.5184733,41.5709953,False
3346,IA3114139208,-93.5185147,41.5707851,False
3347,IA3114139212,-93.515039,41.5713552,False
3348,IA3136118351,-93.8543714,41.5823781,True
3349,IA3247229756,-93.7805135,41.4768433,False
3350,IA3266325405,-93.7516906,41.584767,False
3351,IA3268072433,-93.751996,41.5702124,False
3352,IA3268077362,-93.7548902,41.5701415,False
3353,IA3268077393,-93.7518693,41.5702146,False
3354,IA3308822973,-93.7132212,41.5896846,False
3355,IA3349003337,-93.7034728,41.5845691,False
3356,IA3349003342,-93.7033365,41.5694239,False
3357,IA3349003346,-93.7035059,41.5826895,False
3358,IA3349003369,-93.7034822,41.5772644,False
3359,IA3360294829,-93.8699721,41.5856781,False
3360,IA3404829440,-93.703174,41.5265699,True
3361,IA3458655226,-93.7767557,41.605093,False
3362,IA3629423748,-93.4548627,41.5985291,False
3363,IA3629423755,-93.4549217,41.6003691,False
3364,IA3629423756,-93.4549169,41.6006584,False
3365,IA3733689935,-93.622906,41.5706453,False
3366,IA3872251273,-93.8544285,41.5787814,False
3367,IA3872256791,-93.8534002,41.6003102,False
3368,IA3872256792,-93.8520634,41.5898536,False
3369,IA3872256798,-93.8536138,41.6004863,False
3370,IA3872256802,-93.8517606,41.5898771,False
3371,IA3872256807,-93.8573662,41.5894359,False
3372,IA3872256809,-93.8536969,41.6003103,False
3373,IA3872256822,-93.8540821,41.5823073,True
3374,IA3872256823,-93.8533139,41.6004849,False
3375,IA3872287653,-93.8520399,41.5711046,False
3376,IA3872287656,-93.8536205,41.5708236,False
3377,IA3872288260,-93.8534741,41.570113,False
3378,IA3872288269,-93.8550062,41.5701264,False
3379,IA3872288271,-93.8537706,41.5683639,False
3380,IA3872311418,-93.8536266,41.5676213,False
3381,IA3872311429,-93.8534559,41.5665415,False
3382,IA3872330400,-93.8519025,41.5687235,False
3383,IA3908871664,-93.6293955,41.5911989,False
3384,IA3908871665,-93.6289944,41.5912345,False
3385,IA3927752774,-93.498845,41.598914,False
3386,IA3927752775,-93.49547,41.598615,False
3387,IA3928026287,-93.625672,41.500656,False
3388,IA3928026288,-93.6257466,41.497149,False
3389,IA3928026289,-93.6450875,41.5059697,False
3390,IA4119299090,-93.5663389,41.5823717,False
3391,IA4119310915,-93.5755402,41.584759,False
3392,IA4119338762,-93.5690245,41.5829559,False
3393,IA4119338763,-93.5672063,41.5826095,False
3394,IA4119338764,-93.5626637,41.5813223,False
3395,IA4119358005,-93.5635024,41.5815601,False
3396,IA4149777911,-93.5610994,41.5804445,False
3397,IA4327533604,-93.8367039,41.5865265,False
3398,IA4343826052,-93.6005257,41.6006752,False
3399,IA4343826053,-93.600375,41.6006751,False
3400,IA4538631437,-93.854579,41.5629158,False
3401,IA4538631438,-93.8526391,41.5573129,False
3402,IA4577704033,-93.6269707,41.5813568,False
3403,IA4577704034,-93.6267533,41.5811734,False
3404,IA4577704044,-93.6256484,41.5815093,False
3405,IA4730061340,-93.5784723,41.5371196,False
3406,IA4730061347,-93.58229,41.5410124,False
3407,IA4734203053,-93.5244593,41.6009075,False
3408,IA5067609905,-93.8537426,41.5719897,False
3409,IA5067609907,-93.8454447,41.573554,False
3410,IA5067609914,-93.8533859,41.5726862,False
3411,IA5067631098,-93.8539333,41.5746447,False
3412,IA5067631100,-93.8537135,41.5748197,False
3413,IA5067631101,-93.8539651,41.5747873,False
3414,IA5067631117,-93.853681,41.5746776,False
3415,IA5151950386,-93.5588131,41.3906243,False
3416,IA5151950387,-93.5588469,41.3989292,False
3417,IA5151950388,-93.5585401,41.3989371,False
3418,IA5151950389,-93.5589487,41.4022836,False
3419,IA5151950390,-93.5585501,41.4022833,False
3420,IA5153112607,-93.6741969,41.4969576,False
3421,IA5153112609,-93.6752037,41.4970136,False
3422,IA5214562166,-93.7855032,41.1766057,False
3423,IA5337884044,-93.8753109,41.5878667,False
3424,IA5337884045,-93.8754814,41.5878518,False
3425,IA5379764824,-93.8324037,41.5664769,False
3426,IA5379764965,-93.8184571,41.5819154,False
3427,IA5382217447,-93.8375578,41.5850936,False
3428,IA5413265525,-93.7888538,41.5591574,False
3429,IA5834498024,-93.5776201,41.6005342,False
3430,IA5834692386,-93.5580495,41.6004724,False
3431,IA5834692388,-93.5584107,41.600159,False
3432,IA5836318347,-93.7772463,41.5590797,False
3433,IA5836318348,-93.7760541,41.559238,False
3434,IA5838882104,-93.5613922,41.6004564,False
3435,IA5838882132,-93.5611279,41.6005705,False
3436,IA5922625713,-93.8285082,41.5507375,False
3437,IA5928573929,-93.6761713,41.4823679,False
3438,IA5928573934,-93.6763376,41.4826136,False
3439,IA5928573935,-93.6756891,41.4827679,True
3440,IA5928573939,-93.6755712,41.4825859,False
3441,IA5928579311,-93.644735,41.5805134,False
3442,IA5928579315,-93.6443062,41.5801397,False
3443,IA5928651929,-93.6246368,41.5949147,False
3444,IA5947938077,-93.5867538,41.5959456,False
3445,IA5947938080,-93.5872164,41.5956456,False
3446,IA6048036620,-93.6005442,41.6200172,False
3447,IA6054436913,-93.6198329,41.5989719,False
3448,IA6054436916,-93.6196154,41.5990993,False
3449,IA6054436923,-93.619618,41.5981379,False
3450,IA6054436926,-93.6198387,41.5982257,False
3451,IA6063610856,-93.5967426,41.5541455,False
3452,IA6063610864,-93.596926,41.5550173,False
3453,IA6063610865,-93.5967357,41.5495947,False
3454,IA6063610873,-93.5969265,41.5501297,False
3455,IA6063610874,-93.5973045,41.5538421,False
3456,IA6063610880,-93.59694,41.5539558,False
3457,IA6063610881,-93.5963128,41.5528547,False
3458,IA6063611487,-93.5967373,41.5527438,False
3459,IA6063631077,-93.5967805,41.5420875,False
3460,IA6063631078,-93.5969251,41.5420886,False
3461,IA6063631080,-93.5967814,41.5453792,False
3462,IA6063631081,-93.5969171,41.5453833,False
3463,IA6063631086,-93.596768,41.5467232,False
3464,IA6063631087,-93.5969194,41.5467232,False
3465,IA6063631095,-93.597014,41.569735,False
3466,IA6063651810,-93.5973199,41.5263616,False
3467,IA6063651814,-93.596869,41.5267685,False
3468,IA6063651816,-93.5966957,41.5262133,False
3469,IA6063651817,-93.5968605,41.5262153,False
3470,IA6063651820,-93.600457,41.5259151,False
3471,IA6063651826,-93.6009716,41.5262706,False
3472,IA6063651830,-93.6021396,41.5264019,False
3473,IA6063651837,-93.6030315,41.5262915,False
3474,IA6063651843,-93.6064558,41.5263157,False
3475,IA6063651846,-93.60761,41.526379,True
3476,IA6063651851,-93.6178857,41.5263922,True
3477,IA6063651855,-93.6139508,41.5264031,False
3478,IA6063651860,-93.6257012,41.5264233,False
3479,IA6063651867,-93.6353347,41.5264854,False
3480,IA6063651869,-93.6336073,41.5265296,False
3481,IA6063651871,-93.6365443,41.5265547,False
3482,IA6063654435,-93.6454059,41.5259551,False
3483,IA6063654438,-93.6450781,41.5263519,False
3484,IA6063654439,-93.6449115,41.5265758,True
3485,IA6063654444,-93.6443297,41.5262614,False
3486,IA6063654449,-93.6448776,41.5221901,False
3487,IA6063654450,-93.6449953,41.5221871,True
3488,IA6106874257,-93.5949225,41.526308,False
3489,IA6177766986,-93.8188418,41.5602764,False
3490,IA6177766987,-93.8207578,41.5599689,False
3491,IA6304921744,-93.5623495,41.3714046,True
3492,IA6311275788,-93.6450693,41.525489,False
3493,IA6329303699,-93.8310759,41.5507517,False
3494,IA6597611823,-93.7760916,41.5590862,False
3495,IA6597611827,-93.7764591,41.5591539,False
3496,IA6597611829,-93.7772047,41.5592317,False
3497,IA6597611832,-93.7766536,41.5591047,False
3498,IA6597611838,-93.7768427,41.5591669,False
3499,IA6597611840,-93.7766482,41.5592141,False
3500,IA6597611852,-93.5197167,41.5981509,False
3501,IA6597611856,-93.5202212,41.5978397,False
3502,IA6597611857,-93.51702,41.5989308,False
3503,IA6597736442,-93.6425337,41.5957015,False
3504,IA7281962159,-93.6053296,41.600387,False
3505,IA7324794790,-93.703646,41.598181,False
3506,IA7331450005,-93.4667142,41.5951883,False
3507,IA7350701925,-93.7682617,41.5411661,False
3508,IA7353987139,-93.6321667,41.5921002,False
3509,IA7361678216,-93.5075411,41.5044904,False
3510,IA7361678228,-93.5073102,41.5046728,False
3511,IA7384505202,-93.8582054,41.5784677,False
3512,IA7384505213,-93.8565227,41.5833269,False
3513,IA7384553808,-93.8854586,41.6003673,False
3514,IA7593904601,-93.7340275,41.6048036,False
3515,IA7594061337,-93.7363705,41.6057607,False
3516,IA7594061338,-93.7362259,41.6056794,False
3517,IA7594061343,-93.7356639,41.6054319,False
3518,IA7624223261,-93.7320174,41.5100477,False
3519,IA7624223271,-93.7509801,41.5022869,False
3520,IA7624223283,-93.7258564,41.5155262,False
3521,IA7675930735,-93.7952241,41.4972276,False
3522,IA7675930736,-93.7952204,41.5003887,False
3523,IA7676079647,-93.6364897,41.5837663,False
3524,IA7891602186,-93.8142017,41.6005212,False
3525,IA7923977745,-93.6366774,41.5842666,False
3526,IA7990362443,-93.7175808,41.5950634,False
3527,IA8075399537,-93.5589307,41.6004699,False
3528,IA8200795416,-93.5333704,41.6007055,False
3529,IA8245056983,-93.4769699,41.5963832,False
3530,IA8245056995,-93.4742981,41.5987322,False
3531,IA8245056998,-93.4738903,41.5962093,False
3532,IA8245057007,-93.4670968,41.5951365,False
3533,IA8245057011,-93.4674378,41.595125,False
3534,IA8245057015,-93.467436,41.5953039,False
3535,IA8245057016,-93.4673906,41.5953374,False
3536,IA8245057021,-93.4671106,41.5953025,False
3537,IA8245057024,-93.4671669,41.5953411,False
3538,IA8245057043,-93.4676931,41.5972933,False
3539,IA8245057051,-93.4676059,41.5973244,False
3540,IA8245057056,-93.468882,41.598452,False
3541,IA8245057061,-93.4693412,41.5993331,False
3542,IA8245057067,-93.469423,41.5993229,False
3543,IA8245057068,-93.4694976,41.5993137,False
3544,IA8245057069,-93.4694475,41.5996593,False
3545,IA8245057070,-93.4695406,41.5995186,False
3546,IA8245057071,-93.4693846,41.5995385,False
3547,IA8245057072,-93.4693564,41.5994116,False
3548,IA8245057073,-93.4694339,41.5993661,False
3549,IA8245057074,-93.4694849,41.5994662,False
3550,IA8245057075,-93.4695273,41.5994427,False
3551,IA8245100822,-93.4545637,41.6023335,False
3552,IA8245100825,-93.4544296,41.6035063,False
3553,IA8268632741,-93.4690645,41.5993676,False
3554,IA8270667300,-93.588741,41.6008255,False
3555,IA8270667305,-93.589445,41.6007795,False
3556,IA8274603523,-93.5155737,41.5710777,False
3557,IA8275046418,-93.5007327,41.5319324,False
3558,IA8381026579,-93.6893861,41.5555396,False
3559,IA8381026592,-93.6975714,41.5284412,False
3560,IA8381026596,-93.69726,41.5281905,False
3561,IA8381026601,-93.6914184,41.5554875,False
3562,IA8381294821,-93.8239477,41.5554247,False
3563,IA8394522670,-93.7709921,41.5845741,False
3564,IA8464590680,-93.491146,41.3960097,False
3565,IA8566127394,-93.7034692,41.5935865,False
3566,IA8566127397,-93.703451,41.5926327,False
3567,IA8879351738,-93.7794831,41.5592294,False
3568,IA8879351765,-93.7904682,41.5590445,False
3569,IA9044698061,-93.8537665,41.566699,False
3570,IA9044698071,-93.8550908,41.5673382,False
3571,IA9044699995,-93.8498347,41.5814882,False
3572,IA9044714889,-93.8521963,41.6004871,False
3573,IA9049595351,-93.8531706,41.6007877,False
3574,IA9054744549,-93.663915,41.6039905,False
3575,IA9123120442,-93.8534948,41.568497,False
3576,IA9123120443,-93.8537515,41.5699623,False
3577,IA9125601120,-93.8549475,41.600322,False
3578,IA9125601130,-93.8538199,41.6000594,False
3579,IA9330887265,-93.6380223,41.5991474,False
3580,IA9559456430,-93.8377417,41.5736737,False
3581,IA9559456488,-93.8500717,41.550516,False
3582,IA9559456507,-93.8509261,41.5321958,False
3583,IA9563748957,-93.4549816,41.5985017,False
3584,IA9563748962,-93.4529212,41.6006624,False
3585,IA9563748964,-93.4550931,41.600472,False
3586,IA9563748965,-93.4549257,41.6004851,False
3587,IA9563748966,-93.4571842,41.6003658,False
3588,IA9563748968,-93.4549287,41.600574,False
3589,IA9563748969,-93.4550944,41.600561,False
3590,IA9563750519,-93.4550915,41.6003676,False
3591,IA9563750520,-93.4550959,41.600661,False
3592,IA9578002227,-93.8569187,41.5593329,False
3593,IA9579315408,-93.842331,41.5870832,False
3594,IA9586304568,-93.6326438,41.59307,False
3595,IA9586304648,-93.6336386,41.5937234,False
3596,IA9586304655,-93.6337032,41.593477,False
3597,IA9678092897,-93.635356,41.5520652,False
3598,IA9678092898,-93.6353553,41.5518024,False
3599,IA9770465381,-93.579133,41.6002462,False
3600,IA9770465385,-93.5792725,41.6004447,False
3601,IA10082699806,-93.8533254,41.5397223,False
3602,IA10082699809,-93.8101959,41.5531902,False
3603,IA10097559946,-93.8710997,41.6067853,False
3604,IA10097559949,-93.8722326,41.6064642,False
3605,IA10223053411,-93.833611,41.600461,False
3606,IA10281660886,-93.8342648,41.5803492,False
3607,IA10287004772,-93.7905652,41.5743487,False
3608,IA10289964193,-93.7905366,41.5667013,False
3609,IA10292446950,-93.7274575,41.5140641,False
3610,IA10542203506,-93.8196166,41.5475621,False
3611,IA10548283338,-93.623401,41.569948,False
3612,IA10626064091,-93.707437,41.5826343,False
3613,IA10626103553,-93.7084403,41.5826846,False
3614,IA10626103554,-93.7041494,41.5826857,False
3615,IA10785811964,-93.8658601,41.536073,False
3616,IA10785811965,-93.8507082,41.5263451,False
3617,IA10785811972,-93.8497383,41.529524,False
3618,IA10957476512,-93.6244784,41.5859524,False
3619,IA10957476513,-93.6235439,41.5861513,False
3620,IA11196257878,-93.9017494,41.6004281,False
3621,IA11293071733,-93.7709259,41.5717179,False
3622,IA11293071734,-93.7709231,41.5716078,False
3623,IA11332232695,-93.7133224,41.5903511,False
3624,IA11474840440,-93.8968898,41.5731787,False
3625,IA11567666103,-93.7788448,41.2934623,False
3626,IA11659040865,-93.5776497,41.5135916,False
3627,IA12104503126,-93.8189533,41.5510833,False
3628,IA12105025053,-93.8390584,41.5540627,False
3629,IA12107766481,-93.8603358,41.5782884,False
3630,IA12107766486,-93.8581858,41.5783278,False
3631,IA12107766490,-93.8547075,41.5786261,False
3632,IA12107766491,-93.8544269,41.5786433,False
3633,IA12107766497,-93.8494683,41.5791776,False
3634,IA12171101951,-93.5002293,41.4960471,False
3635,IA12171101953,-93.4986462,41.4977383,False
3636,IA12171101966,-93.5000538,41.496502,False
3637,IA12171101974,-93.49989,41.4963746,False
3638,IA12171101981,-93.4998587,41.496595,False
3639,IA12171101987,-93.4997522,41.4964812,False
3640,IA12277794804,-93.5199233,41.5875979,False
3641,IA12277794807,-93.5201923,41.5877201,False
3642,IA12277794808,-93.5204461,41.5873104,False
3643,IA12277794812,-93.5201743,41.5872088,False
3644,IA12517086595,-93.6740598,41.4970196,False
3645,IA12517086596,-93.6740592,41.4969583,False
3646,IA12517086598,-93.667249,41.4972498,False
3647,IA12643725953,-93.5967399,41.5545369,False
3648,IA125028966,-93.6977052,41.6729564,False
3649,IA159013082,-93.8156204,41.9651412,False
3650,IA159030694,-93.873622,42.034527,True
3651,IA159030699,-93.873625,42.034718,True
3652,IA159034297,-93.8780535,42.0347488,False
3653,IA159034309,-93.879659,42.03545,True
3654,IA159035995,-93.822226,42.034861,False
3655,IA159036010,-93.81542,42.036377,False
3656,IA159036033,-93.808093,42.034823,False
3657,IA159050485,-93.808557,42.034631,False
3658,IA159050506,-93.815393,42.033067,False
3659,IA159050520,-93.822262,42.034648,False
3660,IA159065524,-93.8802096,42.0347513,False
3661,IA159065530,-93.879661,42.0350684,False
3662,IA159076320,-93.7331767,42.023162,False
3663,IA159076347,-93.7183072,42.0231804,False
3664,IA159076400,-93.7116117,42.0184561,False
3665,IA159076449,-93.7183015,42.0219979,False
3666,IA159080211,-93.718295,42.018703,False
3667,IA159080659,-93.9311,41.885072,False
3668,IA159080712,-93.931029,41.921589,False
3669,IA159080952,-93.815686,41.870701,True
3670,IA159080990,-93.815691,41.876861,False
3671,IA159081091,-93.849326,41.9941859,False
3672,IA159081107,-93.815388,41.994131,False
3673,IA159082213,-93.797057,42.032933,False
3674,IA159082274,-93.851369,42.0347749,False
3675,IA159082279,-93.8539459,42.0346781,False
3676,IA159082295,-93.879665,42.0347469,False
3677,IA159082330,-93.912406,42.0349379,False
3678,IA159082664,-93.7864947,42.023716,False
3679,IA159082808,-93.8538687,42.0344755,False
3680,IA159082841,-93.8796703,42.0345493,False
3681,IA159082894,-93.9124041,42.0347318,False
3682,IA159084969,-93.6980761,41.877889,False
3683,IA159085433,-93.854256,42.056732,True
3684,IA159086263,-93.820417,41.876849,True
3685,IA159089245,-94.02854,41.92139,False
3686,IA159089339,-93.950633,41.921481,False
3687,IA159089377,-93.903019,41.921503,False
3688,IA159091870,-93.717533,41.965039,False
3689,IA159093404,-93.815675,41.8779512,False
3690,IA159094107,-93.7956609,42.0494368,False
3691,IA159094363,-93.796483,42.0330736,False
3692,IA159099459,-93.8404695,41.9651413,False
3693,IA159099562,-93.917247,41.9649209,False
3694,IA159103972,-93.815357,42.0230532,False
3695,IA159103982,-93.81549,42.0458662,False
3696,IA159106849,-93.8738084,42.0457211,True
3697,IA159109532,-93.879904,42.0480832,True
3698,IA159109598,-93.7863871,42.0239,False
3699,IA159119578,-93.8725103,41.8705688,False
3700,IA159120434,-93.897835,41.885166,False
3701,IA159442943,-93.8856145,41.6150247,False
3702,IA159451070,-93.8335696,41.6148704,False
3703,IA159451090,-93.8335492,41.6291475,False
3704,IA159451121,-93.8334544,41.6437734,False
3705,IA159451147,-93.8336468,41.6590753,False
3706,IA159451156,-93.8337967,41.6726235,False
3707,IA159453279,-93.8527776,41.643872,False
3708,IA159453287,-93.8527778,41.658341,False
3709,IA159453501,-93.8722021,41.6150059,False
3710,IA159454368,-93.911152,41.688274,False
3711,IA159454433,-93.911878,41.761004,False
3712,IA159456236,-93.8156268,41.849472,False
3713,IA159460879,-93.8528708,41.6293866,False
3714,IA159462390,-93.824551,41.757631,False
3715,IA159462407,-93.824367,41.761078,False
3716,IA159468569,-93.853585,41.760934,False
3717,IA159468613,-93.8530934,41.688267,False
3718,IA159470758,-93.891786,41.688291,False
3719,IA159479544,-93.84356,41.768374,False
3720,IA159479583,-93.8438759,41.7609845,False
3721,IA159483695,-93.922165,41.849745,False
3722,IA159484375,-93.865388,41.820533,False
3723,IA159493116,-93.8721969,41.6148729,False
3724,IA159496666,-93.8504181,41.6883071,False
3725,IA159496670,-93.8557594,41.688214,False
3726,IA159503665,-93.8528253,41.6149179,False
3727,IA159503671,-93.8528262,41.6150794,False
3728,IA159509915,-93.8337409,41.6148709,False
3729,IA160713400,-93.7677246,41.6511547,False
3730,IA160713438,-93.772333,41.647647,False
3731,IA160713439,-93.772452,41.647576,False
3732,IA160714403,-93.4895942,41.6659965,False
3733,IA160714417,-93.5004639,41.6620969,False
3734,IA160715268,-93.776709,41.622672,False
3735,IA160715572,-93.709027,41.6148832,False
3736,IA160716754,-93.7329107,41.7902429,False
3737,IA160717025,-93.5709158,41.7866902,False
3738,IA160717047,-93.5725482,41.7913508,False
3739,IA160717067,-93.5707522,41.7977063,False
3740,IA160718157,-93.5730367,41.6533668,False
3741,IA160719162,-93.4959594,41.6606737,False
3742,IA160719177,-93.4929262,41.6610348,False
3743,IA160720924,-93.7766661,41.6190272,False
3744,IA160720935,-93.7757255,41.614953,False
3745,IA160721076,-93.7714883,41.6149415,False
3746,IA160722136,-93.7804016,41.6884891,False
3747,IA160722151,-93.706377,41.652606,False
3748,IA160723067,-93.755789,41.710165,False
3749,IA160723392,-93.611301,41.649617,False
3750,IA160723413,-93.6198738,41.6503109,False
3751,IA160724483,-93.5743999,41.6498297,False
3752,IA160724511,-93.5699929,41.6527624,False
3753,IA160727949,-93.5750142,41.6275215,False
3754,IA160730183,-93.684804,41.739037,True
3755,IA160730417,-93.6535898,41.7316678,False
3756,IA160730785,-93.5922576,41.6502196,False
3757,IA160730824,-93.600268,41.6480921,False
3758,IA160730861,-93.4937014,41.662464,False
3759,IA160731607,-93.7768734,41.6372473,False
3760,IA160731936,-93.7771295,41.6349047,False
3761,IA160732863,-93.774747,41.683947,False
3762,IA160732877,-93.7755355,41.688488,False
3763,IA160732889,-93.774643,41.693184,False
3764,IA160733934,-93.575095,41.632011,False
3765,IA160734183,-93.7671283,41.6513924,False
3766,IA160737298,-93.5764341,41.7078482,False
3767,IA160737321,-93.57799,41.702878,False
3768,IA160737588,-93.588839,41.614926,False
3769,IA160737612,-93.7774651,41.7392084,False
3770,IA160737656,-93.7758547,41.7321687,False
3771,IA160737734,-93.516033,41.65242,True
3772,IA160737748,-93.511994,41.648158,False
3773,IA160737751,-93.5118,41.647962,False
3774,IA160737760,-93.509207,41.644193,False
3775,IA160737763,-93.509147,41.644068,False
3776,IA160737775,-93.507059,41.639444,False
3777,IA160738237,-93.6099737,41.7519943,False
3778,IA160739375,-93.576196,41.6968946,False
3779,IA160739383,-93.577261,41.701623,False
3780,IA160740418,-93.516836,41.644092,False
3781,IA160740876,-93.516354,41.652385,False
3782,IA160740893,-93.513557,41.646915,False
3783,IA160740896,-93.513456,41.646719,False
3784,IA160740899,-93.511611,41.6441916,False
3785,IA160740903,-93.511533,41.644066,False
3786,IA160740917,-93.50826,41.640741,False
3787,IA160743561,-93.804733,41.7471833,False
3788,IA160743618,-93.8132722,41.7483587,False
3789,IA160743642,-93.814591,41.7542009,False
3790,IA160748407,-93.6200705,41.6486325,False
3791,IA160748417,-93.6269914,41.6493908,False
3792,IA160748425,-93.7083174,41.6148821,False
3793,IA160748458,-93.5766078,41.6150624,False
3794,IA160748461,-93.5764186,41.6188686,False
3795,IA160748882,-93.77819,41.614824,False
3796,IA160748885,-93.7781985,41.6149643,False
3797,IA160748901,-93.77696,41.6200591,False
3798,IA160748960,-93.7053023,41.652363,False
3799,IA160748979,-93.6978295,41.6513465,True
3800,IA160751259,-93.5282845,41.6589903,False
3801,IA160751327,-93.5183819,41.655233,False
3802,IA160751363,-93.513623,41.661128,False
3803,IA160751438,-93.5177776,41.654905,False
3804,IA160752389,-93.6805802,41.7317642,True
3805,IA160753056,-93.5811165,41.717393,False
3806,IA160754178,-93.691464,41.651708,False
3807,IA160755893,-93.5490553,41.626784,False
3808,IA160756005,-93.6002752,41.6476938,False
3809,IA160756008,-93.6005213,41.6476864,False
3810,IA160756064,-93.609191,41.6493816,False
3811,IA160756079,-93.5915644,41.6504649,False
3812,IA160756130,-93.6002842,41.6512663,False
3813,IA160756134,-93.6005232,41.6512313,False
3814,IA160759409,-93.4717646,41.6651529,False
3815,IA160759485,-93.578253,41.615041,False
3816,IA160759678,-93.570411,41.7852091,False
3817,IA160759724,-93.568536,41.7913517,False
3818,IA160759752,-93.5701994,41.796485,False
3819,IA160759803,-93.6007336,41.6499587,False
3820,IA160759809,-93.51505,41.645673,False
3821,IA160760960,-93.774281,41.692722,False
3822,IA160760970,-93.7730854,41.6884871,False
3823,IA160760982,-93.7744,41.683609,False
3824,IA160761678,-93.515135,41.645749,False
3825,IA160763712,-93.5757448,41.6232882,False
3826,IA160763738,-93.5729724,41.6270477,False
3827,IA160765548,-93.5766772,41.6188957,False
3828,IA160766571,-93.7769912,41.6236284,False
3829,IA160770444,-93.6005179,41.6507898,False
3830,IA160770479,-93.6092104,41.6496153,False
3831,IA160772874,-93.7749673,41.7028942,False
3832,IA160773224,-93.6112641,41.6493979,False
3833,IA160773644,-93.513234,41.644064,False
3834,IA160774111,-93.6975294,41.6527819,False
3835,IA160774125,-93.6907857,41.6519091,False
3836,IA160774779,-93.785153,41.761324,False
3837,IA160776253,-93.6341975,41.7028548,False
3838,IA160776308,-93.6376365,41.7045941,False
3839,IA160776326,-93.6340504,41.7033723,False
3840,IA160776571,-93.5754293,41.6322262,False
3841,IA160776730,-93.6390888,41.737476,False
3842,IA160776797,-93.5759454,41.6569346,False
3843,IA160777360,-93.6427922,41.6086285,False
3844,IA160779971,-93.579961,41.702881,False
3845,IA160781614,-93.5773536,41.73621,False
3846,IA160782092,-93.5766263,41.6149465,False
3847,IA160782985,-93.6269208,41.6495687,False
3848,IA160783159,-93.535082,41.658176,False
3849,IA160783227,-93.581305,41.629791,False
3850,IA160783242,-93.5814121,41.6277088,False
3851,IA160783647,-93.5759149,41.6980099,False
3852,IA160783680,-93.574337,41.702871,True
3853,IA160783717,-93.5761414,41.7079609,False
3854,IA160783777,-93.7844506,41.776498,False
3855,IA160783780,-93.7839573,41.7769601,True
3856,IA160784241,-93.777011,41.644975,False
3857,IA160784263,-93.7751959,41.6546671,False
3858,IA160784387,-93.578277,41.614947,False
3859,IA160784728,-93.5224934,41.6600357,False
3860,IA160785214,-93.457069,41.669539,False
3861,IA160785606,-93.6226472,41.723837,False
3862,IA160785608,-93.6227798,41.723801,False
3863,IA160786140,-93.7206217,41.672959,False
3864,IA160786913,-93.8088511,41.6366547,False
3865,IA160787601,-93.575359,41.6273775,False
3866,IA160788550,-93.5800083,41.7318722,True
3867,IA160788585,-93.5768748,41.7268488,False
3868,IA160789368,-93.6978583,41.6330223,False
3869,IA160789440,-93.6004008,41.7497113,False
3870,IA160790083,-93.5777206,41.7364386,False
3871,IA160790737,-93.517033,41.644535,False
3872,IA160790744,-93.516895,41.644253,False
3873,IA160790937,-93.5757785,41.6247149,False
3874,IA160793543,-93.497315,41.659576,False
3875,IA160794087,-93.5906991,41.7173819,False
3876,IA160795506,-93.5764874,41.7267503,False
3877,IA160795679,-93.509251,41.650337,False
3878,IA160795682,-93.509011,41.650167,False
3879,IA160795834,-93.6198585,41.6486277,False
3880,IA160796122,-93.6005128,41.649622,False
3881,IA160796218,-93.5989314,41.649858,False
3882,IA160797462,-93.7364779,41.6746851,False
3883,IA160797764,-93.706042,41.688418,False
3884,IA160801051,-93.815292,41.827523,False
3885,IA160802118,-93.7365153,41.6555644,False
3886,IA160802472,-93.697753,41.6148391,False
3887,IA160802473,-93.6977545,41.6166915,False
3888,IA160802481,-93.697735,41.6210729,False
3889,IA160802483,-93.6976978,41.6221182,False
3890,IA160802518,-93.6978153,41.6366943,False
3891,IA160802742,-93.6977052,41.682669,False
3892,IA160802746,-93.6977069,41.6827748,False
3893,IA160802782,-93.697634,41.691297,False
3894,IA160802793,-93.6976285,41.6884665,False
3895,IA160803522,-93.7559507,41.6438906,False
3896,IA160803681,-93.7555904,41.61161,False
3897,IA160803799,-93.7558261,41.6847717,False
3898,IA160803854,-93.755767,41.702903,False
3899,IA160803987,-93.755733,41.6116188,False
3900,IA160803993,-93.7559698,41.6147309,False
3901,IA160803994,-93.7559656,41.614936,False
3902,IA160804516,-93.6005334,41.7173695,False
3903,IA160804637,-93.4549125,41.6440762,False
3904,IA160804941,-93.590738,41.7318603,False
3905,IA160809392,-93.79353,41.628705,False
3906,IA160809396,-93.793487,41.62856,False
3907,IA160809584,-93.7942666,41.6367659,False
3908,IA160809627,-93.7937167,41.6286341,False
3909,IA160809629,-93.793673,41.628488,False
3910,IA160812709,-93.7170809,41.7643376,False
3911,IA160812787,-93.6373173,41.7027079,False
3912,IA160812790,-93.6374827,41.7027024,False
3913,IA160812830,-93.6322623,41.7032961,False
3914,IA160813016,-93.6074098,41.7029608,False
3915,IA160813020,-93.6074098,41.7028362,False
3916,IA160813913,-93.610026,41.737482,False
3917,IA160813982,-93.6200364,41.7416856,False
3918,IA160815327,-93.7138008,41.7718125,True
3919,IA160815425,-93.727509,41.779091,False
3920,IA160815889,-93.600373,41.72962,False
3921,IA160815898,-93.6072442,41.7296252,False
3922,IA160815914,-93.612283,41.7296368,False
3923,IA160815996,-93.6220649,41.7295685,False
3924,IA160815999,-93.6221966,41.729599,False
3925,IA160816019,-93.629434,41.729761,False
3926,IA160817031,-93.663193,41.620303,False
3927,IA160817083,-93.6732358,41.6202002,False
3928,IA160817206,-93.712209,41.624022,False
3929,IA160817267,-93.6731869,41.6200647,False
3930,IA160817842,-93.5315358,41.8494322,False
3931,IA160818426,-93.58107,41.73188,True
3932,IA160818458,-93.5811384,41.719353,True
3933,IA160818464,-93.5811881,41.7122739,False
3934,IA160818481,-93.5813633,41.7028893,False
3935,IA160819334,-93.444897,41.76639,False
3936,IA160822633,-93.651465,41.627276,False
3937,IA160822638,-93.651447,41.62774,False
3938,IA160823370,-93.7837293,41.6294832,False
3939,IA160823655,-93.8071958,41.629255,False
3940,IA160823841,-93.621285,41.696312,False
3941,IA160823843,-93.621098,41.696338,False
3942,IA160824661,-93.7003514,41.6439084,False
3943,IA160824688,-93.712248,41.643856,False
3944,IA160824703,-93.717002,41.643835,False
3945,IA160824748,-93.7332369,41.6438489,False
3946,IA160824751,-93.7365551,41.6437981,False
3947,IA160824789,-93.7657095,41.6440212,False
3948,IA160824793,-93.7658696,41.6440231,False
3949,IA160824807,-93.7742131,41.6440671,False
3950,IA160824820,-93.7811499,41.6440681,False
3951,IA160825278,-93.663038,41.713646,False
3952,IA160825322,-93.6006477,41.7028013,False
3953,IA160825339,-93.6214623,41.7030207,False
3954,IA160825377,-93.6373585,41.7031635,False
3955,IA160825379,-93.6375096,41.7031559,False
3956,IA160825442,-93.6375289,41.703285,False
3957,IA160825448,-93.637383,41.703287,False
3958,IA160825467,-93.6322659,41.7034193,False
3959,IA160825479,-93.621631,41.7031916,False
3960,IA160825482,-93.621466,41.70318,False
3961,IA160825505,-93.6006514,41.7029275,False
3962,IA160825729,-93.5901551,41.6276939,False
3963,IA160825742,-93.588838,41.615049,False
3964,IA160825878,-93.624633,41.697002,False
3965,IA160826280,-93.7657665,41.7539287,False
3966,IA160827080,-93.6005351,41.632256,False
3967,IA160828191,-93.794568,41.688381,False
3968,IA160828801,-93.6391012,41.7353786,False
3969,IA160828929,-93.6002747,41.7354184,False
3970,IA160829322,-93.6255586,41.6129568,False
3971,IA160829341,-93.6247872,41.6157307,False
3972,IA160829386,-93.6247557,41.6276831,False
3973,IA160832500,-93.442982,41.702484,False
3974,IA160832539,-93.4619708,41.6876196,False
3975,IA160832564,-93.4802038,41.6731135,False
3976,IA160832595,-93.4622098,41.6877812,False
3977,IA160832998,-93.5419,41.629596,False
3978,IA160833021,-93.532094,41.629604,False
3979,IA160833285,-93.5811325,41.7609,False
3980,IA160833330,-93.581006,41.79138,False
3981,IA160833354,-93.5808819,41.8206473,False
3982,IA160833381,-93.5808753,41.8498181,False
3983,IA160833398,-93.5812286,41.6586699,False
3984,IA160833428,-93.5814086,41.6805455,False
3985,IA160833435,-93.5813943,41.6883867,False
3986,IA160833983,-93.783551,41.688378,False
3987,IA160834019,-93.791056,41.68838,False
3988,IA160834470,-93.6779536,41.8495969,False
3989,IA160839632,-93.808685,41.748362,False
3990,IA160839658,-93.785074,41.743696,False
3991,IA160839761,-93.7851,41.743455,False
3992,IA160840175,-93.620347,41.692571,False
3993,IA160840318,-93.464584,41.644033,False
3994,IA160840339,-93.452191,41.6441381,False
3995,IA160840814,-93.7751792,41.6585119,False
3996,IA160841002,-93.463241,41.702951,False
3997,IA160841975,-93.560604,41.849471,False
3998,IA160842000,-93.600337,41.849268,False
3999,IA160842962,-93.5898499,41.7318624,False
4000,IA160842988,-93.590179,41.735427,True
4001,IA160843001,-93.5901648,41.7386702,False
4002,IA160843060,-93.590099,41.746351,False
4003,IA160843152,-93.5937662,41.7607658,False
4004,IA160844328,-93.5180194,41.6441428,False
4005,IA160844331,-93.51768,41.64418,False
4006,IA160844356,-93.506106,41.644196,False
4007,IA160844361,-93.5030928,41.6441977,False
4008,IA160844369,-93.5223301,41.6446211,False
4009,IA160844371,-93.5205212,41.6441176,False
4010,IA160844379,-93.517829,41.644098,False
4011,IA160844405,-93.506106,41.64406,False
4012,IA160844408,-93.5030926,41.6440571,False
4013,IA160844411,-93.498074,41.64406,False
4014,IA160844434,-93.483723,41.644048,False
4015,IA160844440,-93.4786219,41.6440887,False
4016,IA160844458,-93.469309,41.6440416,False
4017,IA160845663,-93.600641,41.6948623,False
4018,IA160846534,-93.672946,41.6107264,False
4019,IA160846536,-93.6730164,41.6113167,False
4020,IA160846542,-93.673053,41.614915,False
4021,IA160846623,-93.6779978,41.6294966,False
4022,IA160846626,-93.678065,41.633137,False
4023,IA160846632,-93.6780946,41.636792,False
4024,IA160846941,-93.767896,41.638567,False
4025,IA160847063,-93.600552,41.636793,False
4026,IA160847241,-93.5705269,41.7317922,False
4027,IA160847547,-93.6296233,41.6802917,False
4028,IA160847560,-93.649169,41.680371,False
4029,IA160847567,-93.6633769,41.6804258,False
4030,IA160847594,-93.6799492,41.6807013,False
4031,IA160848414,-93.534091,41.834866,False
4032,IA160848624,-93.532138,41.615122,False
4033,IA160848709,-93.6294266,41.7318141,False
4034,IA160849023,-93.785396,41.6800724,False
4035,IA160849441,-93.6204133,41.6694698,False
4036,IA160849444,-93.6206154,41.6694684,False
4037,IA160850044,-93.6202641,41.7159843,False
4038,IA160850288,-93.6220913,41.7104612,False
4039,IA160850302,-93.6200899,41.7158475,False
4040,IA160850558,-93.649063,41.688359,False
4041,IA160850620,-93.692323,41.688441,False
4042,IA160850627,-93.693885,41.688437,False
4043,IA160851062,-93.502493,41.834889,False
4044,IA160851072,-93.521218,41.834956,False
4045,IA160851172,-93.5606474,41.8347989,False
4046,IA160852521,-93.6215665,41.7395327,False
4047,IA160852574,-93.6197687,41.7463698,False
4048,IA160852748,-93.464354,41.73192,False
4049,IA160852784,-93.5608504,41.7318134,False
4050,IA160853173,-93.7766786,41.8276018,False
4051,IA160853803,-93.6112252,41.6123696,False
4052,IA160855033,-93.7751,41.6382188,False
4053,IA160855431,-93.655338,41.702319,False
4054,IA160855442,-93.6526012,41.7018049,False
4055,IA160855562,-93.7555087,41.7527433,False
4056,IA160855610,-93.6525945,41.7019479,False
4057,IA160857573,-93.5764785,41.6664183,False
4058,IA160857956,-93.5895128,41.6503779,False
4059,IA160858341,-93.5722924,41.7538127,False
4060,IA160858465,-93.5759855,41.6863637,False
4061,IA160858591,-93.5814476,41.6514106,False
4062,IA160858869,-93.7770109,41.6118419,False
4063,IA160861942,-93.6390357,41.7272704,False
4064,IA160865157,-93.5419089,41.6150713,False
4065,IA160867354,-93.4731366,41.790994,False
4066,IA160868167,-93.6005421,41.6258835,False
4067,IA160868174,-93.6006243,41.6276803,False
4068,IA160868195,-93.600526,41.636668,False
4069,IA160868995,-93.677654,41.7421288,False
4070,IA160869078,-93.6875852,41.7527019,False
4071,IA160870244,-93.7747961,41.6728937,False
4072,IA160870249,-93.775135,41.6729953,False
4073,IA160870267,-93.7945184,41.6729369,False
4074,IA160871209,-93.445095,41.702072,False
4075,IA160871213,-93.445107,41.702949,False
4076,IA160871484,-93.4434571,41.6711618,False
4077,IA160871514,-93.4451285,41.6731272,False
4078,IA160871643,-93.4449062,41.7737091,False
4079,IA160873803,-93.6004834,41.7133106,False
4080,IA160873848,-93.6004592,41.7029218,False
4081,IA160873851,-93.6004583,41.7027974,False
4082,IA160873870,-93.6004624,41.7319445,False
4083,IA160873896,-93.60051,41.7196692,False
4084,IA160873904,-93.6005541,41.7119134,False
4085,IA160875931,-93.551227,41.717358,False
4086,IA160877346,-93.6007535,41.6883904,False
4087,IA160877464,-93.522339,41.629602,False
4088,IA160877567,-93.5224,41.661104,False
4089,IA160877578,-93.5223695,41.6731026,False
4090,IA160877631,-93.5222672,41.731843,False
4091,IA160880154,-93.6661665,41.6955738,False
4092,IA160880213,-93.700185,41.614889,False
4093,IA160880803,-93.5610515,41.6729236,False
4094,IA160881887,-93.7365185,41.6583447,False
4095,IA160881899,-93.7365646,41.6730671,False
4096,IA160881960,-93.7366161,41.8273977,False
4097,IA160882015,-93.7363835,41.609436,False
4098,IA160882030,-93.7364805,41.6136713,False
4099,IA160883636,-93.707884,41.791474,False
4100,IA160883665,-93.678418,41.791443,False
4101,IA160883676,-93.6394,41.791344,False
4102,IA160883845,-93.6536298,41.724105,False
4103,IA160883853,-93.653484,41.7462507,False
4104,IA160883933,-93.6524935,41.7206075,False
4105,IA160883938,-93.73651,41.618902,False
4106,IA160883948,-93.736421,41.614977,False
4107,IA160883951,-93.7364401,41.6148553,False
4108,IA160883977,-93.7365858,41.6148568,False
4109,IA160883979,-93.736576,41.614974,False
4110,IA160883991,-93.7364882,41.6291398,False
4111,IA160883994,-93.7364868,41.6292944,False
4112,IA160883998,-93.7365455,41.6310037,False
4113,IA160884011,-93.7365162,41.6365981,False
4114,IA160884027,-93.7365336,41.6484364,False
4115,IA160884034,-93.7365304,41.6516241,False
4116,IA160884957,-93.6199219,41.627696,False
4117,IA160885228,-93.7826605,41.6325364,False
4118,IA160890917,-93.6151079,41.6440358,False
4119,IA160890965,-93.6151077,41.6586117,False
4120,IA160890978,-93.6151726,41.6694156,False
4121,IA160891889,-93.664336,41.633196,False
4122,IA160893660,-93.5017583,41.619262,False
4123,IA160894520,-93.4831925,41.776746,False
4124,IA160894541,-93.4832544,41.791217,False
4125,IA160894730,-93.483647,41.731756,False
4126,IA160894746,-93.483401,41.760613,False
4127,IA160895101,-93.7049752,41.6293941,False
4128,IA160897282,-93.560567,41.791309,False
4129,IA160897306,-93.5606257,41.8203372,False
4130,IA160897371,-93.5606907,41.7607834,False
4131,IA160897843,-93.774892,41.658515,False
4132,IA160897854,-93.7944963,41.658436,False
4133,IA160897926,-93.6201205,41.6585843,False
4134,IA160897928,-93.6203124,41.658575,False
4135,IA160898314,-93.60651,41.6222926,False
4136,IA160898618,-93.454337,41.805673,False
4137,IA160899434,-93.5982992,41.731842,False
4138,IA160899441,-93.5737242,41.7318247,False
4139,IA160899676,-93.5517632,41.7028754,False
4140,IA160899680,-93.551186,41.702873,False
4141,IA160899682,-93.541678,41.702874,False
4142,IA160899687,-93.522461,41.702874,False
4143,IA160899706,-93.503087,41.70289,False
4144,IA160901310,-93.6248888,41.6126671,False
4145,IA160901643,-93.678271,41.820523,False
4146,IA160901673,-93.678273,41.747891,False
4147,IA160901729,-93.6784585,41.7768457,False
4148,IA160901757,-93.6767426,41.7429983,False
4149,IA160901778,-93.6782548,41.6474224,False
4150,IA160901949,-93.7910412,41.683858,False
4151,IA160902017,-93.785075,41.728452,False
4152,IA160902096,-93.7753769,41.7252558,False
4153,IA160902098,-93.7750485,41.7251688,False
4154,IA160902132,-93.765749,41.724806,False
4155,IA160902661,-93.8143808,41.6149592,False
4156,IA160902866,-93.680054,41.673247,False
4157,IA160902886,-93.6994423,41.6729587,False
4158,IA160902896,-93.7119471,41.6728961,False
4159,IA160903314,-93.5412394,41.8204234,False
4160,IA160903352,-93.6002668,41.8202512,False
4161,IA160904254,-93.6002523,41.7386777,True
4162,IA160904257,-93.6002567,41.7463515,False
4163,IA160904856,-93.684796,41.657846,False
4164,IA160905638,-93.6390467,41.7462721,False
4165,IA160905691,-93.6463864,41.6150187,False
4166,IA160906592,-93.639486,41.776811,False
4167,IA160906680,-93.7844516,41.7769611,False
4168,IA160907100,-93.7173318,41.8204511,False
4169,IA160907116,-93.6975989,41.8206619,False
4170,IA160907143,-93.639111,41.820325,False
4171,IA160907198,-93.454456,41.804135,False
4172,IA160909367,-93.5755342,41.6459193,False
4173,IA160909424,-93.5787314,41.6106994,False
4174,IA160910778,-93.5219647,41.7913897,False
4175,IA160911060,-93.71853,41.614645,False
4176,IA160911065,-93.718525,41.614764,False
4177,IA160911338,-93.581343,41.64416,False
4178,IA160912501,-93.7097116,41.776953,False
4179,IA160912563,-93.7105472,41.7822638,False
4180,IA160913661,-93.532116,41.635736,False
4181,IA160915767,-93.4615975,41.6873784,False
4182,IA160915801,-93.4645732,41.67305,False
4183,IA160915804,-93.4645105,41.667838,False
4184,IA160915817,-93.464099,41.760864,False
4185,IA160915821,-93.464082,41.768098,False
4186,IA160915827,-93.4640708,41.7802719,False
4187,IA160915920,-93.4640737,41.7910814,False
4188,IA160915943,-93.464639,41.6296096,False
4189,IA160916312,-93.791089,41.695729,False
4190,IA160918331,-93.619882,41.644026,False
4191,IA160918384,-93.5515477,41.6277007,False
4192,IA160918391,-93.5612221,41.6276181,False
4193,IA160918420,-93.5812631,41.6277088,False
4194,IA160918455,-93.615088,41.627699,False
4195,IA160918577,-93.600346,41.79126,False
4196,IA160918600,-93.541268,41.79136,False
4197,IA160918710,-93.5024942,41.7913284,False
4198,IA160918953,-93.505907,41.615226,False
4199,IA160918985,-93.503257,41.614232,False
4200,IA160920106,-93.7714406,41.6140089,False
4201,IA160920319,-93.5413537,41.7608259,False
4202,IA160920413,-93.503205,41.6363144,False
4203,IA160921816,-93.5422633,41.6554624,False
4204,IA160921959,-93.600602,41.6586168,False
4205,IA160921966,-93.5926278,41.6586719,False
4206,IA160922061,-93.5450735,41.6585716,False
4207,IA160922151,-93.597553,41.702881,False
4208,IA160922542,-93.581058,41.735802,True
4209,IA160922559,-93.5809934,41.7463499,False
4210,IA160924453,-93.7698717,41.6381162,False
4211,IA160924504,-93.7635325,41.6399827,False
4212,IA160924727,-93.712247,41.636648,False
4213,IA160924729,-93.717062,41.636592,False
4214,IA160926944,-93.6005428,41.6531434,False
4215,IA160926948,-93.6003296,41.6531454,False
4216,IA160926966,-93.5926613,41.653184,False
4217,IA160929659,-93.774865,41.699271,False
4218,IA160929824,-93.7749604,41.6551164,False
4219,IA160929888,-93.774548,41.699276,False
4220,IA160929952,-93.7766429,41.7402523,False
4221,IA160931934,-93.503248,41.620979,False
4222,IA160931949,-93.503228,41.617516,False
4223,IA160933996,-93.811344,41.784118,False
4224,IA160938029,-93.600522,41.7767948,False
4225,IA160938821,-93.7834952,41.614977,False
4226,IA160938869,-93.696034,41.6148788,False
4227,IA160938876,-93.701386,41.614888,False
4228,IA160938997,-93.712859,41.614799,False
4229,IA160939400,-93.592969,41.614982,False
4230,IA160939439,-93.5757636,41.6150056,False
4231,IA160939443,-93.566174,41.614982,False
4232,IA160939581,-93.6535903,41.7317434,False
4233,IA160939985,-93.631556,41.7318016,False
4234,IA160940026,-93.607229,41.731901,False
4235,IA160940573,-93.561156,41.643985,False
4236,IA160940591,-93.5418559,41.6440883,False
4237,IA160940602,-93.5236782,41.6441179,False
4238,IA160941741,-93.6004499,41.6440591,False
4239,IA160942275,-93.503112,41.65522,False
4240,IA160942279,-93.4989848,41.658528,False
4241,IA160942301,-93.4986039,41.658535,False
4242,IA160942310,-93.503113,41.654864,False
4243,IA160942428,-93.561247,41.620268,False
4244,IA160942437,-93.5515164,41.6254722,False
4245,IA160943517,-93.7169856,41.6293619,False
4246,IA160946187,-93.785107,41.753936,False
4247,IA160947355,-93.4609207,41.668445,False
4248,IA160947389,-93.4866531,41.661722,False
4249,IA160947414,-93.5047443,41.6619665,False
4250,IA160949708,-93.5480129,41.6730674,False
4251,IA160949711,-93.5465548,41.6730755,False
4252,IA160949738,-93.503091,41.672981,False
4253,IA160950192,-93.6391363,41.7172251,False
4254,IA160952873,-93.658579,41.62043,False
4255,IA160952956,-93.7699775,41.6464839,False
4256,IA160953092,-93.7748762,41.6501461,False
4257,IA160953110,-93.7566624,41.6322761,False
4258,IA160953113,-93.7565499,41.6323337,False
4259,IA160953853,-93.7559703,41.6292622,False
4260,IA160953855,-93.7559756,41.6294411,False
4261,IA160957535,-93.760162,41.6439925,False
4262,IA160957869,-93.4644851,41.6630686,False
4263,IA160957871,-93.462916,41.663127,False
4264,IA160958898,-93.6091526,41.73748,False
4265,IA160960357,-93.6199541,41.6387793,False
4266,IA160960456,-93.6200817,41.6503121,False
4267,IA160960465,-93.620081,41.644029,False
4268,IA160960842,-93.502812,41.731758,False
4269,IA160962112,-93.668305,41.731791,False
4270,IA160962137,-93.66334,41.724928,False
4271,IA160962967,-93.5031146,41.6572374,False
4272,IA160962972,-93.629817,41.686287,False
4273,IA160964639,-93.661245,41.629227,False
4274,IA160964642,-93.661812,41.629552,False
4275,IA160964701,-93.6344206,41.6276653,False
4276,IA160964733,-93.650912,41.627699,False
4277,IA160966467,-93.6942449,41.6112614,False
4278,IA160969323,-93.6099844,41.7644712,False
4279,IA160969369,-93.6099136,41.7608036,True
4280,IA160971032,-93.709828,41.786757,False
4281,IA160973222,-93.638957,41.7607527,False
4282,IA160973239,-93.6194809,41.760812,False
4283,IA160973688,-93.6295919,41.679385,False
4284,IA160974317,-93.6027023,41.7463566,False
4285,IA160979940,-93.5415603,41.731847,False
4286,IA160982449,-93.6005775,41.6440539,False
4287,IA160984067,-93.7978595,41.8492159,False
4288,IA160985283,-93.6099913,41.7463738,False
4289,IA160989445,-93.6073097,41.7244151,False
4290,IA160989514,-93.5926447,41.6525646,False
4291,IA160991125,-93.4835992,41.6584277,False
4292,IA161035530,-93.4532731,42.0057551,False
4293,IA161035532,-93.453278,42.00616,False
4294,IA161035535,-93.453255,42.006394,False
4295,IA161035628,-93.6446732,42.0305214,False
4296,IA161035662,-93.6447731,42.0356291,False
4297,IA161035665,-93.6447732,42.0357319,False
4298,IA161035686,-93.6448552,42.0441003,False
4299,IA161035690,-93.6449464,42.0454269,False
4300,IA161035772,-93.6450143,42.0562635,False
4301,IA161036293,-93.6298428,42.0228446,False
4302,IA161037477,-93.5719318,42.00775,False
4303,IA161037553,-93.5712843,42.0081503,False
4304,IA161037688,-93.6336974,42.0276208,False
4305,IA161039077,-93.5534545,42.113663,True
4306,IA161039116,-93.5584533,42.1056718,False
4307,IA161041936,-93.6736154,42.0120571,False
4308,IA161046692,-93.5630507,42.0081627,False
4309,IA161046950,-93.6787112,42.0194455,False
4310,IA161048427,-93.5709936,42.0071639,False
4311,IA161048489,-93.5706753,42.0076152,False
4312,IA161049365,-93.610182,42.006718,False
4313,IA161049390,-93.611804,42.005738,False
4314,IA161049403,-93.6161146,42.004634,False
4315,IA161049630,-93.6337512,42.0033911,False
4316,IA161049645,-93.6370817,42.0034528,False
4317,IA161049652,-93.6393765,42.003567,False
4318,IA161049654,-93.6395212,42.0035674,False
4319,IA161049684,-93.6457617,42.0036129,False
4320,IA161049756,-93.633298,42.003201,False
4321,IA161049772,-93.6394014,42.0020745,True
4322,IA161049776,-93.639545,42.0020761,False
4323,IA161049798,-93.644945,42.003094,True
4324,IA161052897,-93.5815599,42.0344095,True
4325,IA161052916,-93.5726117,42.0344943,False
4326,IA161052925,-93.5683427,42.0345122,False
4327,IA161052928,-93.566818,42.03456,False
4328,IA161053574,-93.571079,41.873062,False
4329,IA161053610,-93.5689806,41.8778062,False
4330,IA161054318,-93.434727,42.006473,False
4331,IA161054348,-93.427226,42.007989,False
4332,IA161057577,-93.5709945,41.8829273,False
4333,IA161060809,-93.6104353,42.0048154,False
4334,IA161060865,-93.6101749,42.0042243,False
4335,IA161061083,-93.434918,42.009805,False
4336,IA161061087,-93.4345829,42.0097635,False
4337,IA161061127,-93.434444,42.008164,False
4338,IA161061826,-93.435983,42.007739,False
4339,IA161063922,-93.452552,42.005729,False
4340,IA161064416,-93.633842,42.0115558,False
4341,IA161065366,-93.603429,42.005536,False
4342,IA161065376,-93.6099054,42.0058802,False
4343,IA161065379,-93.6101814,42.0058843,False
4344,IA161066793,-93.610204,41.997345,False
4345,IA161067009,-93.571341,42.012415,False
4346,IA161067042,-93.5768842,42.0074763,True
4347,IA161067045,-93.5786915,42.0072761,True
4348,IA161067401,-93.5726112,42.0345723,False
4349,IA161070762,-93.5820698,42.0070498,True
4350,IA161070774,-93.5865096,42.0073909,False
4351,IA161070783,-93.5916698,42.0063395,False
4352,IA161070964,-93.5676348,42.0731863,False
4353,IA161070984,-93.566556,42.082575,False
4354,IA161073490,-93.571366,41.873498,False
4355,IA161073511,-93.573314,41.8777966,False
4356,IA161073529,-93.5712731,41.882969,False
4357,IA161074342,-93.570752,42.030101,False
4358,IA161074367,-93.568377,42.034599,False
4359,IA161074391,-93.5697605,42.0398312,False
4360,IA161079647,-93.6103169,42.0201454,False
4361,IA161090376,-93.5640612,42.0082878,False
4362,IA161090425,-93.5710318,42.0129154,False
4363,IA161091430,-93.5662707,42.0825323,False
4364,IA161091976,-93.5673358,42.0731664,False
4365,IA161094896,-93.6787145,42.0222974,False
4366,IA161095435,-93.6177867,42.0043043,True
4367,IA161095453,-93.6101687,42.0028458,False
4368,IA161097465,-93.6786109,42.0044663,False
4369,IA161099980,-93.482599,42.008797,False
4370,IA161100020,-93.481791,42.008789,False
4371,IA161100534,-93.45383,42.005806,False
4372,IA161102233,-93.427198,42.008189,False
4373,IA161104441,-93.6102818,42.010033,False
4374,IA161105543,-93.5786763,42.007047,False
4375,IA161105587,-93.5712055,42.0020982,False
4376,IA161105972,-93.6393436,42.0049312,False
4377,IA161106204,-93.5923847,42.0060982,False
4378,IA161106221,-93.5862718,42.0054421,False
4379,IA161106234,-93.5809176,42.0068902,False
4380,IA161106966,-93.609875,42.003457,False
4381,IA161106987,-93.605353,42.005179,False
4382,IA161107062,-93.5719827,42.0075162,False
4383,IA161107102,-93.5712917,42.006867,False
4384,IA161107818,-93.6393234,41.9941228,False
4385,IA161108103,-93.678588,42.0069929,False
4386,IA161108105,-93.6792767,42.0070071,False
4387,IA161108235,-93.6865238,42.0106663,False
4388,IA161111039,-93.698698,42.049003,False
4389,IA161111590,-93.571053,42.0302687,False
4390,IA161114174,-93.6105664,41.9488958,False
4391,IA161118499,-93.5808926,41.8777853,False
4392,IA161118998,-93.6415383,42.0305126,False
4393,IA161119012,-93.6518994,42.0304039,False
4394,IA161119351,-93.6351527,42.0287454,False
4395,IA161119374,-93.6333865,42.0251199,False
4396,IA161119409,-93.6323694,42.0163401,False
4397,IA161119435,-93.6332598,42.0228722,False
4398,IA161119451,-93.6321923,42.0163405,False
4399,IA161119453,-93.6321918,42.0162374,False
4400,IA161119506,-93.6392187,42.0083655,False
4401,IA161119710,-93.6323668,42.0162368,False
4402,IA161119748,-93.58158,42.0635791,False
4403,IA161120993,-93.463384,41.913893,False
4404,IA161122344,-93.639213,41.979322,False
4405,IA161122417,-93.462997,41.979325,False
4406,IA161122483,-93.511683,41.979553,False
4407,IA161123090,-93.444536,42.009793,False
4408,IA161123184,-93.4468501,42.0300336,False
4409,IA161123389,-93.6236569,42.0228792,False
4410,IA161124530,-93.5313705,41.877738,False
4411,IA161124897,-93.6980366,41.863349,False
4412,IA161124996,-93.6987503,42.0227564,False
4413,IA161125026,-93.698713,42.0345583,False
4414,IA161125378,-93.6784553,41.8778475,False
4415,IA161125839,-93.6466911,42.0113945,False
4416,IA161125851,-93.6444053,42.02281,False
4417,IA161126684,-93.6491306,42.0118619,False
4418,IA161126685,-93.658936,42.011902,False
4419,IA161127058,-93.4522836,42.0196493,False
4420,IA161131840,-93.6103573,42.0174101,False
4421,IA161131980,-93.529437,41.900229,False
4422,IA161132162,-93.6168638,42.0229112,False
4423,IA161132174,-93.6168743,42.0250622,False
4424,IA161132183,-93.616918,42.0268732,False
4425,IA161132382,-93.6103708,42.0229005,False
4426,IA161132417,-93.5814208,42.0227108,False
4427,IA161134410,-93.463263,41.950376,False
4428,IA161134432,-93.46309,41.964856,False
4429,IA161134553,-93.4634489,41.8776882,False
4430,IA161134701,-93.462994,42.166605,False
4431,IA161135492,-93.6783544,41.863351,False
4432,IA161135742,-93.678649,41.892448,False
4433,IA161135825,-93.677902,41.950448,False
4434,IA161135846,-93.677802,41.964896,False
4435,IA161136333,-93.6556439,42.0344662,False
4436,IA161136337,-93.6567713,42.0344649,False
4437,IA161136375,-93.6788083,42.0345736,False
4438,IA161136435,-93.6556655,42.0345691,False
4439,IA161136563,-93.537216,41.899494,False
4440,IA161137705,-93.5815613,42.0345222,True
4441,IA161137714,-93.5880731,42.0344651,False
4442,IA161137781,-93.6106696,42.034549,False
4443,IA161138358,-93.6098886,42.0028498,False
4444,IA161139181,-93.6141414,42.0457317,False
4445,IA161139398,-93.446808,42.015588,False
4446,IA161139426,-93.4468333,42.022716,False
4447,IA161140844,-93.434593,42.019133,False
4448,IA161140851,-93.434577,42.022751,False
4449,IA161140902,-93.6542983,42.0253671,False
4450,IA161141425,-93.4628061,42.0227531,False
4451,IA161142939,-93.6302437,42.0510591,False
4452,IA161143708,-93.434909,41.964761,False
4453,IA161146276,-93.5406691,41.9358076,False
4454,IA161146461,-93.5408866,42.0230872,False
4455,IA161146481,-93.5410318,42.034665,False
4456,IA161146701,-93.541284,41.934264,False
4457,IA161149436,-93.610428,41.936024,False
4458,IA161149617,-93.6004979,41.892382,False
4459,IA161152710,-93.5708863,41.9973046,False
4460,IA161154138,-93.6099705,41.9488617,False
4461,IA161155660,-93.6518991,42.0253682,False
4462,IA161155951,-93.6347775,42.0162627,False
4463,IA161156542,-93.6205906,42.045725,False
4464,IA161156549,-93.620455,42.042779,False
4465,IA161156550,-93.6204347,42.0421149,False
4466,IA161156565,-93.6203923,42.0345366,False
4467,IA161156573,-93.6202354,42.0278343,False
4468,IA161156577,-93.6201339,42.0268239,False
4469,IA161156581,-93.6202164,42.0252871,False
4470,IA161156591,-93.6202668,42.0243886,False
4471,IA161156611,-93.62044,42.0457271,False
4472,IA161156691,-93.6202887,42.0268215,False
4473,IA161157048,-93.6787754,42.023025,False
4474,IA161159377,-93.43997,42.0227695,False
4475,IA161159402,-93.452321,42.0227274,False
4476,IA161159413,-93.4590834,42.0227243,False
4477,IA161160291,-93.625854,42.0420306,False
4478,IA161160292,-93.6314871,42.0419245,False
4479,IA161160357,-93.6258899,42.0456407,False
4480,IA161160370,-93.6301749,42.0455886,False
4481,IA161160377,-93.6336338,42.045541,False
4482,IA161161447,-93.6429145,42.0356838,False
4483,IA161161497,-93.6275973,42.034558,False
4484,IA161161506,-93.6257066,42.0345649,False
4485,IA161163235,-93.6394937,42.0227773,False
4486,IA161163268,-93.6616122,42.0227662,False
4487,IA161163303,-93.6787777,42.0229106,False
4488,IA161163325,-93.6847041,42.0229146,False
4489,IA161163571,-93.6169012,42.0201803,False
4490,IA161166245,-93.5866217,42.0082658,False
4491,IA161167657,-93.6137596,42.0269217,False
4492,IA161167680,-93.6226425,42.0267838,False
4493,IA161167767,-93.452283,42.015614,False
4494,IA161167933,-93.639492,42.0226663,False
4495,IA161169601,-93.6100025,42.0083767,False
4496,IA161169604,-93.6101874,42.0083785,False
4497,IA161169608,-93.612596,42.0083809,True
4498,IA161169617,-93.620036,42.0083963,True
4499,IA161170781,-93.4524807,42.0055114,False
4500,IA161171891,-93.6467864,42.0113208,False
4501,IA161174690,-93.6098894,42.0011043,False
4502,IA161174693,-93.6101641,42.0011497,False
4503,IA161175033,-93.4445827,42.0155574,False
4504,IA161177024,-93.6271913,42.0510991,False
4505,IA161186253,-93.439983,42.0191491,False
4506,IA161186255,-93.444714,42.01915,False
4507,IA351686992,-93.613653,42.0229059,False
4508,IA351954927,-93.7341415,42.0229234,False
4509,IA352903771,-93.9553378,41.6145037,False
4510,IA352903774,-93.8914334,41.6149335,False
4511,IA352903775,-93.8856138,41.6149079,False
4512,IA352903970,-93.7757256,41.6148212,False
4513,IA352904318,-93.8335692,41.6147462,False
4514,IA355705940,-93.7232894,41.6293471,False
4515,IA364495203,-93.5756419,41.6876448,False
4516,IA364495216,-93.5787605,41.6804934,False
4517,IA364495240,-93.5780459,41.6738746,False
4518,IA364495341,-93.5777135,41.6739046,False
4519,IA369131079,-93.6409752,41.7318869,False
4520,IA369333054,-93.6431827,41.7318768,False
4521,IA371195692,-93.6003468,41.7693918,False
4522,IA371195731,-93.5810911,41.7701806,False
4523,IA374043459,-93.6002729,41.6496147,False
4524,IA374382305,-93.6224754,41.709881,False
4525,IA374382320,-93.6222902,41.7098406,False
4526,IA374383797,-93.6175044,41.7106605,False
4527,IA374384140,-93.6155528,41.7115207,False
4528,IA374384176,-93.6151025,41.7118576,False
4529,IA374384227,-93.614541,41.7122318,False
4530,IA374384424,-93.6139954,41.7124383,False
4531,IA374384699,-93.6124793,41.7124676,False
4532,IA374384766,-93.6123585,41.7124579,False
4533,IA374385086,-93.6105832,41.7120269,False
4534,IA375012431,-93.6211895,41.7128522,False
4535,IA375012457,-93.6213942,41.7128779,False
4536,IA375012662,-93.6272411,41.7150796,False
4537,IA375012720,-93.6212294,41.7127574,False
4538,IA375012751,-93.621431,41.7127803,False
4539,IA375013030,-93.6273143,41.7149895,False
4540,IA375015754,-93.6220368,41.7112,False
4541,IA379594317,-93.6036775,41.7463593,False
4542,IA381264753,-93.6206583,42.0192942,False
4543,IA384122467,-93.6002225,41.7497096,False
4544,IA384174659,-93.5788858,41.6116277,False
4545,IA386160145,-93.6039725,41.702818,False
4546,IA390005792,-93.8298372,41.7606939,False
4547,IA390005799,-93.8141439,41.7503252,False
4548,IA390006153,-93.8204642,41.7543172,False
4549,IA390006498,-93.8246873,41.7573598,False
4550,IA390008485,-93.8436736,41.7681341,False
4551,IA391144749,-93.483795,41.702908,False
4552,IA391144795,-93.4815343,41.6734742,False
4553,IA391144797,-93.4805486,41.6732112,False
4554,IA391144859,-93.449979,41.6440937,False
4555,IA391144874,-93.4646835,41.618786,False
4556,IA391145170,-93.6201561,41.692571,False
4557,IA391145207,-93.6243409,41.6925893,False
4558,IA391145310,-93.6277124,41.6685098,False
4559,IA391145322,-93.654066,41.658655,False
4560,IA391145324,-93.653882,41.688366,False
4561,IA391145325,-93.65404,41.6803706,False
4562,IA391145332,-93.6290461,41.6589221,False
4563,IA391145348,-93.581249,41.66602,False
4564,IA391145355,-93.5927024,41.6659312,False
4565,IA391145358,-93.6006306,41.665876,False
4566,IA391145362,-93.6008588,41.6695667,False
4567,IA391145374,-93.6007281,41.6804147,False
4568,IA391145545,-93.5757746,41.6595527,False
4569,IA391145594,-93.581093,41.7768193,True
4570,IA391145662,-93.5608207,41.7027709,False
4571,IA391145664,-93.5583798,41.7027386,False
4572,IA391145679,-93.6399499,41.7172449,False
4573,IA391145685,-93.6535578,41.735344,False
4574,IA391145804,-93.56104,41.6584768,False
4575,IA391145809,-93.541446,41.746321,False
4576,IA391145815,-93.560811,41.746293,False
4577,IA391146198,-93.8722207,41.643745,False
4578,IA391146533,-93.6344577,41.636753,False
4579,IA391146573,-93.503228,41.629615,False
4580,IA391146691,-93.678156,41.644929,False
4581,IA391146726,-93.600491,41.636794,False
4582,IA391152623,-93.7364055,41.6884354,False
4583,IA391152754,-93.7654324,41.7029098,False
4584,IA391152870,-93.7946197,41.7102298,False
4585,IA391152885,-93.7744928,41.7029035,False
4586,IA391152902,-93.8144619,41.658384,False
4587,IA391152942,-93.7558328,41.6584407,False
4588,IA391153294,-93.891433,41.643893,False
4589,IA391201526,-93.63911,41.731711,False
4590,IA391201527,-93.639109,41.731837,False
4591,IA391201993,-93.522303,41.641839,False
4592,IA391202002,-93.5184675,41.6441481,False
4593,IA391202006,-93.518436,41.643895,False
4594,IA391202008,-93.518477,41.643743,False
4595,IA391202012,-93.519798,41.643127,False
4596,IA391202281,-93.7170617,41.789054,False
4597,IA391202289,-93.7104058,41.7839114,False
4598,IA391233676,-93.434923,42.00647,False
4599,IA392373869,-93.5745775,41.6277065,False
4600,IA399307296,-93.6975269,41.6513415,False
4601,IA399307305,-93.6976289,41.6438755,False
4602,IA399307337,-93.6977566,41.6438754,False
4603,IA399307341,-93.6976556,41.6366952,False
4604,IA399307345,-93.6976974,41.6330496,False
4605,IA399307348,-93.6976887,41.6294721,False
4606,IA411668458,-93.6388132,41.6966015,False
4607,IA411686271,-93.6216315,41.7030301,False
4608,IA411836359,-93.6389853,41.7282048,False
4609,IA419159621,-93.4645045,41.669075,False
4610,IA419159624,-93.4645011,41.6656413,False
4611,IA420614798,-93.5765349,41.6506529,False
4612,IA437645369,-93.5811638,41.7083591,False
4613,IA437645375,-93.5811803,41.702894,False
4614,IA440549645,-93.6004323,41.7463524,False
4615,IA440549655,-93.6004253,41.7386772,False
4616,IA440549657,-93.6004253,41.735419,False
4617,IA445290214,-93.5749688,41.6535328,False
4618,IA446103832,-93.5823288,41.7702185,False
4619,IA446103855,-93.5810928,41.7702857,False
4620,IA450484782,-93.6003048,41.7319414,False
4621,IA450484834,-93.600462,41.7317972,False
4622,IA450484841,-93.600405,41.7307022,False
4623,IA450484868,-93.6003044,41.731796,False
4624,IA535785501,-93.7714807,41.6148268,False
4625,IA535790256,-93.755822,41.6147309,False
4626,IA535790440,-93.7558226,41.614935,False
4627,IA535812066,-93.6447952,42.0454271,False
4628,IA535813453,-93.644872,42.0562635,False
4629,IA541326555,-93.7452787,41.6518076,False
4630,IA541326578,-93.7365103,41.6504478,False
4631,IA541326602,-93.7301006,41.652237,False
4632,IA541326604,-93.7275633,41.6525372,False
4633,IA544505678,-93.7750695,41.6295087,False
4634,IA544506034,-93.7787146,41.6294211,False
4635,IA544506087,-93.7750716,41.6293913,False
4636,IA544506225,-93.7837226,41.6296194,False
4637,IA544507676,-93.7787256,41.629537,False
4638,IA544507980,-93.7767994,41.6310082,False
4639,IA544508177,-93.7713223,41.6295148,False
4640,IA544508178,-93.7713237,41.6293374,False
4641,IA544508711,-93.734216,41.6291277,False
4642,IA544509587,-93.7758968,41.6293988,False
4643,IA544510055,-93.7770346,41.6277719,False
4644,IA544513485,-93.7699861,41.6463919,False
4645,IA544513541,-93.7698058,41.6463917,False
4646,IA544513542,-93.7697973,41.6464839,False
4647,IA550393969,-93.8088122,41.6295695,False
4648,IA550393975,-93.8092453,41.6292994,False
4649,IA550393978,-93.8087783,41.6292766,False
4650,IA550394492,-93.80908,41.6303673,False
4651,IA555798020,-93.6450146,42.0563741,False
4652,IA557648169,-93.6101658,42.0010332,False
4653,IA557686340,-93.7742571,41.7400909,False
4654,IA557686429,-93.7755349,41.732724,False
4655,IA557686499,-93.7743595,41.740202,False
4656,IA557689506,-93.7773948,41.7401015,False
4657,IA558623985,-93.4980735,41.6441863,False
4658,IA558685984,-93.8248506,41.75715,False
4659,IA558685993,-93.8295634,41.7608449,False
4660,IA558686204,-93.5730216,41.6277157,False
4661,IA568096675,-93.7117466,42.0182328,False
4662,IA568121157,-93.6784845,42.0082488,False
4663,IA575175232,-93.4450631,41.7608204,False
4664,IA583422435,-93.5939034,41.6659218,False
4665,IA583422524,-93.5908329,41.6804594,False
4666,IA583474035,-93.6978861,41.8497106,False
4667,IA587203520,-93.4432127,41.7026447,False
4668,IA595490094,-93.698744,41.6827458,False
4669,IA595492535,-93.6978475,41.6527897,False
4670,IA599042270,-93.4725521,41.6646707,False
4671,IA599720297,-93.5468028,41.6280925,False
4672,IA599753759,-93.49419,41.6585389,False
4673,IA599754079,-93.4931615,41.6585718,True
4674,IA599754217,-93.4836075,41.6585894,False
4675,IA599754218,-93.4818081,41.6585298,False
4676,IA599798298,-93.4837242,41.6441735,False
4677,IA625878975,-93.6191536,41.6925777,False
4678,IA627853400,-93.6373293,41.7028401,False
4679,IA627853414,-93.636876,41.703169,False
4680,IA633038363,-93.5715653,41.7546482,False
4681,IA652287098,-93.6203592,41.6188782,False
4682,IA652287111,-93.619928,41.6190223,False
4683,IA674517799,-93.7915214,41.6148857,False
4684,IA674517818,-93.7916643,41.6150127,False
4685,IA674517848,-93.7916888,41.6148869,False
4686,IA674523388,-93.7779551,41.62953,False
4687,IA689187938,-93.7370821,41.6909079,False
4688,IA689775151,-93.7558839,41.6888119,False
4689,IA689775738,-93.7642218,41.6736302,False
4690,IA689775814,-93.7643313,41.6731026,False
4691,IA689779825,-93.7365654,41.6728866,False
4692,IA689779975,-93.7298234,41.67305,False
4693,IA689780445,-93.7298259,41.6727766,False
4694,IA691085471,-93.7446565,41.6884538,False
4695,IA704261857,-93.7732083,41.6380878,False
4696,IA704261860,-93.7751011,41.6383292,False
4697,IA704271599,-93.7559457,41.6489878,False
4698,IA704271633,-93.7559452,41.6490909,False
4699,IA704608852,-93.8914373,41.6150564,False
4700,IA705230676,-93.7359408,41.6522984,False
4701,IA705230743,-93.7366484,41.6520575,False
4702,IA706876201,-93.8481258,41.6149462,False
4703,IA706876203,-93.8480861,41.6150714,False
4704,IA809160086,-93.5812233,41.680546,False
4705,IA809160088,-93.5812257,41.6883869,False
4706,IA811658365,-93.8335486,41.6292953,False
4707,IA811685969,-93.7943307,41.6440607,False
4708,IA811686071,-93.7944624,41.6368135,False
4709,IA811770078,-93.7558267,41.6292624,False
4710,IA811770150,-93.755829,41.6294402,False
4711,IA811770653,-93.833669,41.6437734,False
4712,IA811770813,-93.8337496,41.6291469,False
4713,IA811770839,-93.8336523,41.6326908,False
4714,IA811771220,-93.8337439,41.6292941,False
4715,IA811771541,-93.8337434,41.6147456,False
4716,IA811789465,-93.763404,41.6400442,False
4717,IA812042796,-93.7658737,41.6439132,False
4718,IA812042866,-93.7742072,41.6439587,False
4719,IA812042881,-93.7657101,41.6439138,False
4720,IA812042980,-93.7945305,41.6439266,False
4721,IA812042981,-93.7943293,41.6439274,False
4722,IA812042985,-93.7811454,41.6439548,False
4723,IA812069481,-93.7122067,41.6293731,False
4724,IA846524685,-93.6004475,41.7119143,False
4725,IA848370782,-93.6213154,41.7161354,False
4726,IA887704851,-93.6023756,41.7318791,False
4727,IA938905251,-93.653484,41.7464585,False
4728,IA946402647,-93.6002809,41.7626456,True
4729,IA967591984,-93.7749482,41.6802611,False
4730,IA967592071,-93.7853964,41.6802274,False
4731,IA967592155,-93.7730751,41.6883721,False
4732,IA967592215,-93.7746132,41.6802557,False
4733,IA967592368,-93.7795087,41.6801171,False
4734,IA967593070,-93.775135,41.672903,False
4735,IA967593549,-93.7908383,41.6729314,False
4736,IA967593555,-93.7945978,41.7013027,False
4737,IA967593576,-93.7846893,41.6730061,False
4738,IA967593602,-93.7749536,41.680136,False
4739,IA967593661,-93.7746267,41.6801321,False
4740,IA967593805,-93.7755334,41.6883594,False
4741,IA967594216,-93.7847002,41.6729018,False
4742,IA967594529,-93.7795118,41.6802573,False
4743,IA967594541,-93.7946032,41.7014264,False
4744,IA968362248,-93.5810761,41.7594567,False
4745,IA989038553,-93.4644889,41.6631853,False
4746,IA989054153,-93.5031388,41.6452306,False
4747,IA990807881,-93.581415,41.6823552,False
4748,IA990808092,-93.5812659,41.6774293,False
4749,IA990808212,-93.581216,41.6823576,False
4750,IA1083571462,-93.7203202,41.6726688,False
4751,IA1116460398,-93.6199393,41.6367584,False
4752,IA1116460415,-93.6151009,41.6367595,False
4753,IA1117342118,-93.736524,41.6482795,False
4754,IA1133980386,-93.7122848,41.6726363,False
4755,IA1133980418,-93.711942,41.6726401,False
4756,IA1133980477,-93.7150045,41.6726809,False
4757,IA1158049750,-93.592774,41.6276918,False
4758,IA1177189537,-93.5811421,41.7097644,False
4759,IA1192264960,-93.625291,41.6367576,False
4760,IA1192265005,-93.6249308,41.6367515,False
4761,IA1192265099,-93.6252019,41.6370231,False
4762,IA1204272800,-93.608427,41.7197727,False
4763,IA1258944621,-93.737032,41.6060745,False
4764,IA1281426899,-93.45907,42.019665,False
4765,IA1290976733,-93.5820756,42.0138111,False
4766,IA1303888699,-93.6962789,41.6294103,False
4767,IA1310616953,-93.7845859,41.6150047,False
4768,IA1310616973,-93.784578,41.6148652,False
4769,IA1372686094,-93.6455434,41.6150659,False
4770,IA1386883666,-93.5612212,41.6277333,False
4771,IA1386883674,-93.572253,41.6277881,False
4772,IA1386883689,-93.5731207,41.627796,False
4773,IA1386883699,-93.5773292,41.6278117,False
4774,IA1386883716,-93.5515435,41.6277995,False
4775,IA1386883718,-93.5756819,41.6278131,False
4776,IA1386883732,-93.5773358,41.627703,False
4777,IA1386883750,-93.5719739,41.6277001,False
4778,IA1390286838,-93.7910523,41.6787949,False
4779,IA1390286839,-93.7911045,41.6789326,False
4780,IA1390286840,-93.7698768,41.6802113,False
4781,IA1401781547,-93.6083675,41.7173031,False
4782,IA1401781639,-93.6083713,41.7174252,False
4783,IA1401781681,-93.6084671,41.7195533,False
4784,IA1401781688,-93.6082457,41.719538,False
4785,IA1401781818,-93.6082531,41.7197701,False
4786,IA1418850946,-93.8058148,41.6883439,False
4787,IA1418850959,-93.8059709,41.6883446,False
4788,IA1441247243,-93.7060422,41.6883194,False
4789,IA1441247295,-93.6976299,41.6883587,False
4790,IA1448036585,-93.7253973,41.7644432,False
4791,IA1448559092,-93.6003488,41.7609335,False
4792,IA1448559093,-93.6001563,41.7609263,False
4793,IA1448581071,-93.5607902,41.7028642,False
4794,IA1448592913,-93.6083567,41.718999,False
4795,IA1454602029,-93.6202601,42.0227942,False
4796,IA1460312404,-93.783872,41.6294812,False
4797,IA1460480037,-93.8479688,41.6293579,False
4798,IA1460480046,-93.8336489,41.6309521,False
4799,IA1460493726,-93.8336677,41.6436519,False
4800,IA1460493747,-93.8333921,41.6208245,False
4801,IA1460493792,-93.8337171,41.6208306,False
4802,IA1460493799,-93.8337285,41.6205291,False
4803,IA1460493803,-93.8334082,41.6205189,False
4804,IA1460493808,-93.8334543,41.64365,False
4805,IA1479059691,-93.7035582,41.6366555,False
4806,IA1509393493,-93.6104747,42.0269726,False
4807,IA1577563816,-93.694637,41.6439516,False
4808,IA1695309290,-93.5101109,41.6510373,False
4809,IA1695309422,-93.5109361,41.6515033,False
4810,IA1695309457,-93.5103008,41.651601,False
4811,IA1695309463,-93.510061,41.6516484,False
4812,IA1695309494,-93.5104094,41.6516585,False
4813,IA1695309512,-93.5100032,41.6517147,False
4814,IA1695309580,-93.5104535,41.6518814,False
4815,IA1695309598,-93.5100456,41.6519159,False
4816,IA1695310843,-93.5160833,41.6581969,False
4817,IA1695310869,-93.5159434,41.6582538,False
4818,IA1695310890,-93.5160131,41.6583537,False
4819,IA1695310922,-93.5116891,41.6584695,False
4820,IA1695311014,-93.5115999,41.6585951,False
4821,IA1695385138,-93.4706167,41.6600829,False
4822,IA1695385139,-93.4707558,41.6601552,False
4823,IA1701553570,-93.5758442,41.6474958,False
4824,IA1756110631,-93.6444043,42.0226923,False
4825,IA1756935469,-93.6555845,42.0227374,False
4826,IA1756935507,-93.6556773,42.0295595,False
4827,IA1756937475,-93.6714215,42.0228521,False
4828,IA1756937477,-93.6714182,42.0229726,False
4829,IA1764895088,-93.6591372,42.0227358,False
4830,IA1789301717,-93.7365154,41.624459,False
4831,IA1797723178,-93.4918701,41.6641949,False
4832,IA1804543738,-93.4837147,41.6619435,False
4833,IA1804543739,-93.4916443,41.6641173,False
4834,IA1833705098,-93.4576644,41.6696307,False
4835,IA1833705135,-93.465841,41.6670823,False
4836,IA1907175013,-93.6196464,41.7608141,True
4837,IA1912308631,-93.6393877,42.0083395,False
4838,IA1912308632,-93.6393598,42.008429,False
4839,IA1936828685,-93.6334158,42.0228711,False
4840,IA1936846413,-93.633414,42.0227674,False
4841,IA1936846415,-93.6332575,42.0227683,False
4842,IA1936922197,-93.6542421,42.022737,False
4843,IA1936930172,-93.6501487,42.0227479,False
4844,IA1937129961,-93.6334214,42.026729,False
4845,IA1941630217,-93.6381484,41.9975048,False
4846,IA1943678033,-93.6302078,42.0167354,False
4847,IA1943736506,-93.5700444,42.0398299,False
4848,IA1982608326,-93.6730342,42.0071219,False
4849,IA1982608389,-93.6864669,42.0109045,True
4850,IA2000833405,-93.7364834,41.6428554,False
4851,IA2010155933,-93.6202661,42.022939,False
4852,IA2023441259,-93.6386789,41.7169207,False
4853,IA2023441267,-93.6391009,41.7169344,False
4854,IA2023441279,-93.6386046,41.7169912,False
4855,IA2023441283,-93.6391607,41.7169991,False
4856,IA2023441284,-93.6385935,41.7171824,False
4857,IA2023441292,-93.6386467,41.7172473,False
4858,IA2023441302,-93.6390821,41.7172706,False
4859,IA2023441370,-93.6388442,41.7272968,False
4860,IA2023806010,-93.5811357,41.7607815,False
4861,IA2023806014,-93.5682895,41.7607521,False
4862,IA2023806021,-93.5702728,41.7607628,False
4863,IA2023806112,-93.5682575,41.7609822,False
4864,IA2023806115,-93.5702494,41.7610036,True
4865,IA2023806159,-93.5699878,41.7679002,False
4866,IA2023806161,-93.5701884,41.7673774,False
4867,IA2025504104,-93.4953032,41.6441802,False
4868,IA2025504112,-93.4953139,41.6440558,False
4869,IA2194446586,-93.7601655,41.6438862,False
4870,IA2267174483,-93.7043006,41.6366531,False
4871,IA2267243638,-93.6976874,41.6293517,False
4872,IA2267243682,-93.6978473,41.6294727,False
4873,IA2267243685,-93.6978451,41.6293521,False
4874,IA2267280100,-93.7838709,41.6296198,False
4875,IA2304470415,-93.6977313,41.6270725,False
4876,IA2320013230,-93.697696,41.6221924,False
4877,IA2320013232,-93.6977981,41.6221468,False
4878,IA2320013235,-93.6977404,41.6239083,False
4879,IA2320153068,-93.6977568,41.6439769,False
4880,IA2320153071,-93.697629,41.6439771,False
4881,IA2320889737,-93.7363983,41.6437963,False
4882,IA2320889738,-93.7365527,41.6439106,False
4883,IA2320889740,-93.7365161,41.6554139,False
4884,IA2320889744,-93.7363761,41.6483578,False
4885,IA2320889745,-93.7365185,41.653878,False
4886,IA2320889754,-93.736392,41.6526708,False
4887,IA2320889757,-93.7363379,41.6539039,False
4888,IA2320889758,-93.7363959,41.6439088,False
4889,IA2320889759,-93.7363644,41.6504819,False
4890,IA2320902439,-93.7363652,41.658338,True
4891,IA2320914434,-93.7364112,41.6728866,False
4892,IA2320914443,-93.7364105,41.6730661,False
4893,IA2320948128,-93.7559477,41.6439768,False
4894,IA2357401488,-93.6980954,41.614935,False
4895,IA2357401493,-93.6978382,41.6149379,False
4896,IA2357401494,-93.6978363,41.6152065,False
4897,IA2357401499,-93.6977078,41.6149388,False
4898,IA2359785041,-93.7037589,41.6149094,False
4899,IA2400994825,-93.6531378,42.0227678,False
4900,IA2400994832,-93.7213442,42.0231673,False
4901,IA2408418782,-93.6337584,42.0114575,False
4902,IA2449733006,-93.65571,42.0280254,False
4903,IA2454649817,-93.6786571,42.0229098,False
4904,IA2454649820,-93.678653,42.0230237,False
4905,IA2457561784,-93.5812244,41.7173908,False
4906,IA2560586086,-93.7366586,41.6292953,False
4907,IA2560586087,-93.7366599,41.6291407,False
4908,IA2592305557,-93.7363729,41.6058534,False
4909,IA2653288798,-93.7914932,41.6150127,False
4910,IA2653309318,-93.8141852,41.614958,False
4911,IA2653309341,-93.814185,41.6148332,False
4912,IA2653309352,-93.8142783,41.6135323,False
4913,IA2653309549,-93.8143695,41.6148327,False
4914,IA2697119385,-93.8335984,41.6077451,False
4915,IA2753137017,-93.7146131,41.6728826,False
4916,IA2753137025,-93.714878,41.6729189,False
4917,IA2960254562,-93.8529311,41.6176913,False
4918,IA3015825975,-93.7120199,41.6726,False
4919,IA3015825981,-93.714608,41.6726266,False
4920,IA3015825989,-93.7123385,41.6726944,False
4921,IA3015825991,-93.7207339,41.6727078,False
4922,IA3015826010,-93.7202854,41.6728752,False
4923,IA3015826015,-93.712212,41.6729324,False
4924,IA3021492967,-93.7294598,41.6727747,False
4925,IA3021492982,-93.7294017,41.6729851,False
4926,IA3110366710,-93.7945338,41.6440651,False
4927,IA3110451379,-93.7944622,41.6367037,False
4928,IA3204161700,-93.6977628,41.6575278,False
4929,IA3204161702,-93.6975727,41.6575302,False
4930,IA3204161728,-93.6975937,41.6619186,False
4931,IA3204161729,-93.6977671,41.6619197,False
4932,IA3204161730,-93.6977697,41.6620619,False
4933,IA3204161731,-93.6975893,41.6620621,False
4934,IA3204161775,-93.6977032,41.6689734,False
4935,IA3468646127,-93.5707348,41.8226119,False
4936,IA3468646128,-93.5710099,41.8247626,False
4937,IA3468646130,-93.5700819,41.8263526,False
4938,IA3468646153,-93.5721088,41.8298709,False
4939,IA3468646171,-93.569888,41.8321005,False
4940,IA3468646794,-93.5719752,41.8356469,False
4941,IA3468646795,-93.5709541,41.8369424,False
4942,IA3468646797,-93.5711988,41.839412,False
4943,IA3759062083,-93.7558244,41.6507445,False
4944,IA3759062797,-93.7560795,41.650733,False
4945,IA3759062902,-93.7558415,41.6545334,False
4946,IA3888602423,-93.6393243,41.9931171,False
4947,IA3888602427,-93.6391231,41.993507,False
4948,IA3888602430,-93.6394026,41.9935735,False
4949,IA3888602441,-93.6393666,41.9963334,False
4950,IA3888602444,-93.6394633,41.9972609,False
4951,IA3888602449,-93.6400499,41.9974095,False
4952,IA3888603262,-93.6394009,41.9975098,False
4953,IA3889321879,-93.6393408,41.989861,False
4954,IA3889321884,-93.6390474,41.9903525,False
4955,IA3889321889,-93.6393713,41.9904117,False
4956,IA3889321903,-93.6393162,41.9906184,False
4957,IA3889321904,-93.6390187,41.9906104,False
4958,IA3889321914,-93.6392733,41.991034,False
4959,IA3894524520,-93.4971418,41.6344676,False
4960,IA3927752771,-93.5747181,41.6800465,False
4961,IA3927752773,-93.496105,41.660804,False
4962,IA3953769059,-93.5899242,41.6273529,False
4963,IA3953769094,-93.6004526,41.6276766,False
4964,IA3953769119,-93.6006228,41.6277783,False
4965,IA3953769120,-93.600443,41.627777,False
4966,IA3953769129,-93.5927798,41.6278003,False
4967,IA3953769130,-93.5902339,41.6278033,False
4968,IA3953769134,-93.5812675,41.6278173,False
4969,IA3953769135,-93.5814179,41.6278173,False
4970,IA4016465565,-93.8059506,41.6951003,False
4971,IA4016465566,-93.806079,41.6951286,False
4972,IA4016469310,-93.8016517,41.7011076,False
4973,IA4016469315,-93.8015988,41.7012486,False
4974,IA4244933533,-93.4537523,42.0055859,False
4975,IA4569374623,-93.7643749,41.6730854,False
4976,IA4569374632,-93.7747965,41.6729891,False
4977,IA4569374650,-93.7644799,41.6728654,False
4978,IA4569374655,-93.7640914,41.673058,False
4979,IA4569374656,-93.7640429,41.6730048,False
4980,IA4569374659,-93.7641551,41.6727741,False
4981,IA4577892739,-93.5787261,41.6277124,False
4982,IA4577892740,-93.5787165,41.6278219,False
4983,IA4939699294,-93.6202984,41.7159038,False
4984,IA4939699297,-93.620056,41.715936,False
4985,IA4939699313,-93.6083411,41.7203801,False
4986,IA5110110679,-93.7336656,41.6293017,False
4987,IA5129428396,-93.6501454,42.0228534,False
4988,IA5145326131,-93.4868979,41.6441735,False
4989,IA5145326132,-93.4869033,41.6440581,False
4990,IA5145326133,-93.4884819,41.6441735,False
4991,IA5145326134,-93.4884617,41.644059,False
4992,IA5155277850,-93.8770318,41.6149985,False
4993,IA5155277851,-93.8770195,41.614884,False
4994,IA5165759550,-93.8618311,41.6270368,False
4995,IA5272739467,-93.7558283,41.6523127,False
4996,IA5272739469,-93.7561134,41.6523149,False
4997,IA5272739470,-93.7488789,41.6517296,False
4998,IA5272739472,-93.7488797,41.6518912,False
4999,IA5272739473,-93.7617294,41.6515548,False
5000,IA5272739480,-93.7616758,41.6513732,False
5001,IA5334178902,-93.781931,41.701205,False
5002,IA5334178906,-93.782157,41.701034,False
5003,IA5334178909,-93.7819054,41.7008177,False
5004,IA5334178914,-93.781638,41.7010208,False
5005,IA5334178920,-93.7873546,41.7019073,False
5006,IA5334179526,-93.7874993,41.702181,False
5007,IA5334179529,-93.7877157,41.7021323,False
5008,IA5334179535,-93.7876085,41.7018384,False
5009,IA5334179584,-93.7774595,41.6993395,True
5010,IA5334179594,-93.777454,41.6992336,False
5011,IA5368862305,-93.5115754,41.6584682,False
5012,IA5369063002,-93.4994357,41.6585291,False
5013,IA5369063006,-93.4993104,41.6582668,False
5014,IA5369089678,-93.4977513,41.6585186,True
5015,IA5369089683,-93.4982165,41.6588521,False
5016,IA5377365146,-93.5017179,41.6362593,False
5017,IA5377365147,-93.5032044,41.6361946,False
5018,IA5377365202,-93.49823,41.6348999,False
5019,IA5379474302,-93.5032283,41.6441989,False
5020,IA5379474303,-93.5032283,41.6440572,False
5021,IA5379488594,-93.5031428,41.6425966,False
5022,IA5468513156,-93.8058917,41.6844155,False
5023,IA5468513167,-93.8048095,41.6802113,False
5024,IA5479212918,-93.5071693,41.6535439,False
5025,IA5479212928,-93.5090215,41.6521324,False
5026,IA5479212929,-93.5074983,41.6533614,False
5027,IA5751040183,-93.6200783,41.6508466,False
5028,IA5751040189,-93.6207247,41.6502543,False
5029,IA5788149052,-93.5704712,42.001818,False
5030,IA5809250622,-93.7559548,41.673024,False
5031,IA5809250623,-93.7559546,41.6729001,False
5032,IA5809250629,-93.7557861,41.6730237,False
5033,IA5809250630,-93.7557891,41.6728989,False
5034,IA5809250633,-93.7558859,41.672221,False
5035,IA5874677618,-93.7554306,41.6882266,False
5036,IA5874677625,-93.7558195,41.6877929,False
5037,IA5874677637,-93.7560478,41.6882052,False
5038,IA5874677638,-93.7561108,41.688262,False
5039,IA5874677644,-93.7559867,41.6885222,False
5040,IA5874677645,-93.7559591,41.6885293,False
5041,IA5874677650,-93.7556844,41.6884549,False
5042,IA5874677651,-93.7556578,41.6884168,False
5043,IA5874677656,-93.7557148,41.6882179,False
5044,IA5874677657,-93.7557604,41.6881912,False
5045,IA5874677661,-93.7558289,41.687174,False
5046,IA5874677667,-93.7567864,41.6883579,False
5047,IA5874677786,-93.7634504,41.689126,False
5048,IA5874677803,-93.7635483,41.6885088,False
5049,IA5874677809,-93.7631721,41.6884197,False
5050,IA5915719767,-93.7719221,41.6295135,False
5051,IA5915719770,-93.7713212,41.6296546,False
5052,IA5915719771,-93.8013411,41.6267141,False
5053,IA5915719772,-93.8012977,41.6268579,False
5054,IA5915719773,-93.8108204,41.629328,False
5055,IA5915719774,-93.8108157,41.6294734,False
5056,IA5915719775,-93.8130216,41.6293208,False
5057,IA5915719776,-93.8130237,41.6294722,False
5058,IA5915719780,-93.8071431,41.6293836,False
5059,IA5915892303,-93.8334536,41.6246283,False
5060,IA5915892304,-93.8336544,41.6246278,False
5061,IA5915892305,-93.8334522,41.6262251,False
5062,IA5915892306,-93.8336526,41.6262255,False
5063,IA5915892307,-93.8334511,41.6309522,False
5064,IA5915892308,-93.8334527,41.6326914,False
5065,IA5915892309,-93.833476,41.6376689,False
5066,IA5915892310,-93.8336758,41.6376679,False
5067,IA5915892312,-93.8334526,41.6421219,False
5068,IA5915892313,-93.8336517,41.6421189,False
5069,IA5948115945,-93.6004701,41.7064133,False
5070,IA5948115946,-93.6006204,41.7064174,False
5071,IA5948115947,-93.6010118,41.7029307,False
5072,IA5948115951,-93.6006492,41.7031633,False
5073,IA5948115952,-93.6004582,41.7031673,False
5074,IA5948115956,-93.6000529,41.7029212,False
5075,IA5948115957,-93.6036779,41.7028167,False
5076,IA5948123857,-93.6378306,41.7032805,False
5077,IA5948123861,-93.6375921,41.7036279,False
5078,IA5948148292,-93.8336867,41.6469234,False
5079,IA5948148293,-93.8335108,41.6469215,False
5080,IA5948148294,-93.8336597,41.6453761,False
5081,IA5948148295,-93.833484,41.6453761,False
5082,IA5948148312,-93.8196936,41.6438761,False
5083,IA5948148313,-93.8196856,41.6437256,True
5084,IA5968178943,-93.590641,41.6278024,False
5085,IA5968178946,-93.5904529,41.6281511,False
5086,IA5968178947,-93.58978,41.6276948,False
5087,IA6048036621,-93.6005406,41.6209486,False
5088,IA6165079311,-93.8059719,41.6882336,False
5089,IA6165079312,-93.8058168,41.6882328,False
5090,IA6165079319,-93.8104012,41.6884279,False
5091,IA6165079320,-93.8005722,41.6883406,False
5092,IA6171377499,-93.7560406,41.6834776,False
5093,IA6171377504,-93.755762,41.6834474,False
5094,IA6171377509,-93.7557689,41.6832156,False
5095,IA6171377514,-93.7560921,41.6832222,False
5096,IA6171377522,-93.7560446,41.6799273,False
5097,IA6171377527,-93.7557534,41.679906,False
5098,IA6171377532,-93.7557758,41.6796578,False
5099,IA6171377539,-93.7560986,41.6796915,False
5100,IA6174416444,-93.756058,41.688065,False
5101,IA6336641551,-93.6393521,41.9937886,False
5102,IA6338177972,-93.6394755,41.9972805,False
5103,IA6338177974,-93.6394291,41.9974875,False
5104,IA6338177977,-93.6391124,41.997169,False
5105,IA6467832718,-93.7961557,42.0319166,False
5106,IA6486283778,-93.6961642,42.0154587,False
5107,IA6515825424,-93.7557384,41.6780674,False
5108,IA6515825425,-93.7557474,41.6778227,False
5109,IA6515825426,-93.7560744,41.677825,False
5110,IA6515825450,-93.7560603,41.6780815,False
5111,IA6593957936,-93.5072725,41.653609,False
5112,IA6593957943,-93.505829,41.652726,False
5113,IA6593957953,-93.5071845,41.6538236,False
5114,IA6593957954,-93.5067415,41.6539141,False
5115,IA6593957955,-93.5066777,41.6534495,False
5116,IA6593957957,-93.5069265,41.6536028,False
5117,IA6593957958,-93.506071,41.6528823,False
5118,IA6593957965,-93.5070477,41.6535385,False
5119,IA6593957977,-93.5059687,41.6529631,False
5120,IA6593957978,-93.5072917,41.6537309,False
5121,IA6699355384,-93.7447967,41.6520345,False
5122,IA6699415902,-93.6003452,41.760761,False
5123,IA6699415905,-93.6001582,41.7607593,False
5124,IA6699415923,-93.5937601,41.7608859,False
5125,IA6797861482,-93.6007449,41.8777494,False
5126,IA6797874887,-93.6003935,41.8774924,False
5127,IA6797874897,-93.6000348,41.8777543,False
5128,IA6797874898,-93.600396,41.8777507,False
5129,IA6797874900,-93.6004008,41.8779722,False
5130,IA6833512683,-93.7768853,41.6398404,False
5131,IA6833578188,-93.7767733,41.6444232,False
5132,IA6833578189,-93.777906,41.6439591,False
5133,IA6833578198,-93.7771652,41.6398163,False
5134,IA7009893893,-93.7651385,41.6801864,False
5135,IA7070871592,-93.6199217,41.6803574,False
5136,IA7070871593,-93.6201041,41.6803576,False
5137,IA7281266618,-93.8677898,41.6256994,False
5138,IA7301541614,-93.7788904,41.673002,False
5139,IA7301541615,-93.7788904,41.6729072,False
5140,IA7311931383,-93.6080345,41.7463693,False
5141,IA7330733947,-93.6386229,41.7102993,False
5142,IA7330733948,-93.6384563,41.7103094,False
5143,IA7345559448,-93.8139869,41.7611005,False
5144,IA7350152208,-93.8540132,41.6437997,False
5145,IA7357786979,-93.6474038,41.6150558,False
5146,IA7357810718,-93.6465868,41.6154691,False
5147,IA7373960955,-93.464571,41.6708759,False
5148,IA7379961598,-93.6103032,42.0127613,False
5149,IA7383645799,-93.5013861,41.658526,False
5150,IA7384365587,-93.4496201,41.6650384,False
5151,IA7384413161,-93.562215,41.6198046,False
5152,IA7505271099,-93.5429066,41.629946,False
5153,IA7524256137,-93.5756664,41.7317812,False
5154,IA7524256139,-93.5788496,41.7320667,True
5155,IA7524256140,-93.5751764,41.731905,False
5156,IA7524287406,-93.5759795,41.7324272,False
5157,IA7524287408,-93.5766203,41.7319353,False
5158,IA7524287409,-93.577602,41.7319872,False
5159,IA7524287411,-93.5779938,41.7325623,False
5160,IA7524287412,-93.5778624,41.7311228,False
5161,IA7524287414,-93.5773112,41.7317838,False
5162,IA7524287417,-93.5758269,41.7311052,False
5163,IA7524291214,-93.5762025,41.7317143,False
5164,IA7536796372,-93.5560624,41.731824,False
5165,IA7541642838,-93.5781931,41.7319216,False
5166,IA7672266944,-93.8530679,41.61492,False
5167,IA7672266945,-93.8530674,41.6150819,False
5168,IA7693641490,-93.785755,41.614885,False
5169,IA7733035230,-93.4740864,41.6277758,False
5170,IA7733035235,-93.4740918,41.6276594,False
5171,IA7851951284,-93.891577,41.6221395,False
5172,IA7891444437,-93.6787569,42.0069955,False
5173,IA7895871064,-93.63907,41.9937881,False
5174,IA7964732115,-93.6168628,42.017112,False
5175,IA8020010628,-93.776088,41.6439602,False
5176,IA8020010629,-93.777912,41.6440551,False
5177,IA8020010644,-93.7760891,41.644069,False
5178,IA8025210530,-93.774867,41.6993738,False
5179,IA8025210531,-93.7745519,41.699382,False
5180,IA8062042049,-93.4693032,41.6434609,False
5181,IA8062042051,-93.4693075,41.6438963,False
5182,IA8062047429,-93.5107747,41.6432673,False
5183,IA8070409269,-93.4646412,41.6577938,False
5184,IA8070409278,-93.4750727,41.6585255,False
5185,IA8070457511,-93.4646327,41.6690623,False
5186,IA8070457515,-93.4646535,41.6664555,False
5187,IA8070457520,-93.4646498,41.6656375,False
5188,IA8070457522,-93.4646645,41.6631859,False
5189,IA8070457523,-93.4646641,41.6630807,False
5190,IA8071824320,-93.5091317,41.6502525,False
5191,IA8071824322,-93.5111813,41.648443,False
5192,IA8071824323,-93.5091066,41.6502347,False
5193,IA8071824326,-93.5080281,41.651336,False
5194,IA8071849241,-93.5059569,41.6528086,False
5195,IA8071849246,-93.5075292,41.6513512,False
5196,IA8071972218,-93.4978969,41.6585673,False
5197,IA8109645145,-93.7747483,41.6502116,False
5198,IA8129152561,-93.6786018,42.0096826,False
5199,IA8157057907,-93.6107249,42.0420008,False
5200,IA8248416010,-93.5477899,41.627418,False
5201,IA8248433418,-93.5479044,41.6275112,False
5202,IA8248433420,-93.5477041,41.627464,False
5203,IA8248433421,-93.5477974,41.6275725,False
5204,IA8248433424,-93.5481342,41.6278366,False
5205,IA8250463638,-93.6196838,41.7450766,False
5206,IA8250463641,-93.6196087,41.7463723,True
5207,IA8255644180,-93.6220042,41.7299906,False
5208,IA8255644181,-93.6215034,41.7318529,False
5209,IA8265815306,-93.6393243,41.9981421,True
5210,IA8265815307,-93.6390239,41.9974978,False
5211,IA8265815308,-93.6389789,41.9974518,False
5212,IA8265815313,-93.6390452,41.9971997,False
5213,IA8333215723,-93.6265018,41.612944,False
5214,IA8366109769,-93.5810381,41.7472936,False
5215,IA8366277855,-93.6029152,41.6277192,False
5216,IA8366468710,-93.8144442,41.6767732,False
5217,IA8381431741,-93.8989707,41.6185435,False
5218,IA8381431884,-93.8823203,41.6215068,False
5219,IA8381431886,-93.8819926,41.6223774,False
5220,IA8381431890,-93.8809185,41.6280039,False
5221,IA8381431894,-93.8915678,41.629357,False
5222,IA8388032764,-93.7651139,41.6804054,False
5223,IA8388239075,-93.8144115,41.6439148,False
5224,IA8388239076,-93.8144143,41.6437686,False
5225,IA8388239078,-93.8143573,41.645592,False
5226,IA8388239081,-93.8143365,41.6432743,False
5227,IA8388264551,-93.8142407,41.6439161,False
5228,IA8388264595,-93.8527756,41.6582028,False
5229,IA8388264609,-93.8142519,41.6437701,False
5230,IA8397916121,-93.824362,41.7683334,False
5231,IA8560528339,-93.6786615,42.0120843,False
5232,IA8562123805,-93.799177,41.636729,False
5233,IA8581070445,-93.7945023,41.6602826,False
5234,IA8624623333,-93.7444112,41.6881598,False
5235,IA8624623341,-93.7364031,41.688349,False
5236,IA8624623345,-93.74475,41.6882357,False
5237,IA8624623352,-93.7443455,41.6884024,False
5238,IA8625349777,-93.5612442,41.6203802,False
5239,IA8625349779,-93.5603106,41.6208132,False
5240,IA8709923841,-93.4468219,42.0191526,False
5241,IA8769899225,-93.7793376,41.6906353,False
5242,IA8820374557,-93.5789658,41.7317789,True
5243,IA8820374580,-93.5749708,41.7316812,False
5244,IA8821368585,-93.8914467,41.6308209,False
5245,IA8821368647,-93.8914814,41.6200024,False
5246,IA8821368651,-93.885195,41.6221072,False
5247,IA8821368660,-93.8867626,41.6222688,False
5248,IA8821368665,-93.8864146,41.6221893,False
5249,IA8821368673,-93.8868579,41.6220621,False
5250,IA8821368675,-93.8915772,41.6220657,False
5251,IA8821368686,-93.8865059,41.6219717,False
5252,IA8821368694,-93.8915767,41.6222101,False
5253,IA8821368970,-93.7804032,41.6883588,False
5254,IA8821368980,-93.7802624,41.6883647,False
5255,IA8821369003,-93.780262,41.6884902,False
5256,IA8821405397,-93.8143341,41.688439,False
5257,IA8821405398,-93.8144593,41.6884388,False
5258,IA8821405399,-93.8143944,41.6885588,False
5259,IA8821405404,-93.8142646,41.680771,False
5260,IA8821405410,-93.8145441,41.681068,False
5261,IA8821405415,-93.8142046,41.6809787,False
5262,IA8821418832,-93.8146448,41.6808168,False
5263,IA8821418866,-93.7635985,41.6882614,False
5264,IA9039372120,-93.7943292,41.6584364,False
5265,IA9127991351,-93.6332459,42.0224738,False
5266,IA9127991358,-93.6328957,42.0227718,False
5267,IA9127991361,-93.6328932,42.0228754,False
5268,IA9127991367,-93.633264,42.0231431,False
5269,IA9127991371,-93.6338491,42.0227603,False
5270,IA9127991377,-93.6334037,42.0224746,False
5271,IA9127991379,-93.6334123,42.0231462,False
5272,IA9127991385,-93.6338426,42.0228657,False
5273,IA9526191034,-93.5410008,41.6310149,False
5274,IA9526191036,-93.5429853,41.6300273,False
5275,IA9526191040,-93.5416988,41.6306994,False
5276,IA9526191041,-93.5416353,41.6306223,False
5277,IA9546052534,-93.4973848,41.6620513,False
5278,IA9552395458,-93.6625497,41.6295497,False
5279,IA9552395462,-93.662376,41.6298781,False
5280,IA9552395464,-93.6610624,41.6295545,False
5281,IA9559456622,-93.8913714,41.6220669,False
5282,IA9559456623,-93.891371,41.6222091,False
5283,IA9563748988,-93.4955543,41.6300076,False
5284,IA9563748994,-93.4954017,41.630121,False
5285,IA9571320946,-93.5810916,41.7625546,False
5286,IA9571320957,-93.5810253,41.760778,False
5287,IA9571320958,-93.5810251,41.7608948,False
5288,IA9590648058,-93.6255866,41.6128635,False
5289,IA9674819547,-93.672879,41.6199639,False
5290,IA9674819549,-93.6731309,41.6198178,False
5291,IA9674819555,-93.6733587,41.6205475,False
5292,IA9674819564,-93.6736051,41.6203343,False
5293,IA9696064544,-93.5031023,41.6593742,False
5294,IA9696064549,-93.5033159,41.6586701,False
5295,IA9696064553,-93.5030355,41.6586321,False
5296,IA9696064557,-93.5030956,41.6583839,False
5297,IA9696064562,-93.5034027,41.658449,False
5298,IA9738219691,-93.6213842,42.0172758,False
5299,IA9849131858,-93.8796741,42.034331,False
5300,IA9849131862,-93.879424,42.0345482,False
5301,IA9881741548,-93.8530938,41.6885461,False
5302,IA9881741554,-93.8530905,41.6879122,False
5303,IA9904512548,-93.6787058,42.0189108,False
5304,IA9904512753,-93.6786768,42.0112338,True
5305,IA9904512759,-93.678773,42.0097019,False
5306,IA10082612578,-93.8721758,41.6256496,False
5307,IA10082612845,-93.891354,41.6293582,False
5308,IA10097559943,-93.8732839,41.6076021,False
5309,IA10097559944,-93.8722427,41.6079102,False
5310,IA10097559945,-93.8722091,41.6070323,False
5311,IA10097559953,-93.87208,41.6073424,False
5312,IA10097559962,-93.8724685,41.6071008,False
5313,IA10097559981,-93.8720179,41.607213,False
5314,IA10097559986,-93.8721176,41.6070667,False
5315,IA10097559995,-93.8723724,41.607386,False
5316,IA10097560000,-93.8724303,41.6073577,False
5317,IA10097560007,-93.8725111,41.6072583,False
5318,IA10245098359,-93.8540384,42.0349878,False
5319,IA10600356182,-93.7105891,41.7833366,False
5320,IA10600356187,-93.7106309,41.7830502,False
5321,IA10600356190,-93.7103944,41.7830286,False
5322,IA10600356196,-93.710339,41.7833212,False
5323,IA10603249068,-93.6117632,41.7608047,False
5324,IA10703994038,-93.6464205,41.6151178,False
5325,IA10703994040,-93.6462789,41.6145535,False
5326,IA10703994044,-93.6465422,41.6151175,False
5327,IA10703994045,-93.646508,41.6150183,False
5328,IA10713299480,-93.6673345,41.7462555,False
5329,IA10713415614,-93.6544576,41.7020684,False
5330,IA10713415622,-93.6526497,41.7014666,False
5331,IA10735390449,-93.4632188,41.6585613,False
5332,IA10735390451,-93.4642704,41.6586839,False
5333,IA10735390452,-93.4646649,41.658702,False
5334,IA10735390471,-93.4643058,41.6584188,False
5335,IA10735390478,-93.4646995,41.6584617,False
5336,IA10744168205,-93.6218002,41.7112381,False
5337,IA10749874117,-93.6074209,41.7017439,False
5338,IA10749874120,-93.6074773,41.7029607,False
5339,IA10749874121,-93.6074783,41.7028366,False
5340,IA10781662902,-93.6213772,42.0172972,False
5341,IA10781666516,-93.6208048,42.0192926,False
5342,IA10781666531,-93.620108,42.0227968,False
5343,IA10781666539,-93.6201166,42.0229379,False
5344,IA10815371596,-93.5629567,41.7608811,False
5345,IA10820372132,-93.5834868,41.6504324,False
5346,IA10820372149,-93.5746935,41.6590261,False
5347,IA10820372153,-93.551574,41.655761,False
5348,IA10820372186,-93.5758301,41.6417747,False
5349,IA10956622809,-93.881999,41.6250899,False
5350,IA10956622810,-93.8820096,41.6241876,False
5351,IA10956622813,-93.8821132,41.6247502,False
5352,IA10956622833,-93.8818724,41.6247347,False
5353,IA10956622835,-93.8818866,41.6244535,False
5354,IA10956622837,-93.8821723,41.6244818,False
5355,IA11005057285,-93.7560348,41.6545379,False
5356,IA11005057290,-93.7560231,41.6584415,False
5357,IA11005057298,-93.7559059,41.6613532,False
5358,IA11005315014,-93.7558363,41.654639,False
5359,IA11005315015,-93.7560359,41.6546426,False
5360,IA11019005016,-93.8092066,41.6295523,False
5361,IA11019005017,-93.8091614,41.6295841,False
5362,IA11019005025,-93.8092071,41.6292574,False
5363,IA11070392192,-93.6004318,41.6586169,False
5364,IA11070404306,-93.6004722,41.6658771,False
5365,IA11070404333,-93.6005478,41.6804148,False
5366,IA11070404341,-93.6005646,41.6883914,False
5367,IA11071805714,-93.6006766,41.6893664,False
5368,IA11105893576,-93.6335536,42.0276475,False
5369,IA11105893592,-93.6331563,42.0277306,False
5370,IA11105893597,-93.6336645,42.0278114,False
5371,IA11132572469,-93.5865668,42.007837,True
5372,IA11132572477,-93.5861724,42.0082643,True
5373,IA11256563092,-93.8527754,41.6437239,False
5374,IA11357029291,-93.6099155,41.7609324,False
5375,IA11402916300,-93.4860604,41.6728877,False
5376,IA11402916303,-93.4868006,41.6729491,False
5377,IA11402916306,-93.4868331,41.6727933,False
5378,IA11402916311,-93.4882782,41.6729066,False
5379,IA11402916312,-93.4878084,41.6728575,False
5380,IA11402916316,-93.4871619,41.6730041,False
5381,IA11402916322,-93.4871893,41.6728086,False
5382,IA11439019452,-93.6003986,41.7890088,False
5383,IA11439019462,-93.5998376,41.7912697,False
5384,IA11449779881,-93.6004998,41.7806109,False
5385,IA11449779888,-93.6001159,41.782246,False
5386,IA11474840394,-93.870163,41.6256287,False
5387,IA11514919059,-93.4536182,42.0083013,False
5388,IA11521933594,-93.8088729,41.6292179,False
5389,IA11521933600,-93.8087719,41.6295361,False
5390,IA11524012476,-93.852861,41.6594557,False
5391,IA11524012477,-93.8529668,41.6438722,False
5392,IA11524012478,-93.8529716,41.6437229,False
5393,IA11524012479,-93.8528564,41.643046,False
5394,IA11524012480,-93.8529367,41.6583396,False
5395,IA11524012481,-93.852948,41.6582016,False
5396,IA11581201172,-93.5468801,42.0087791,False
5397,IA11581201179,-93.5396061,42.0074703,False
5398,IA11581201185,-93.531551,42.0088181,False
5399,IA11581201186,-93.5333715,42.0090053,False
5400,IA11581201194,-93.5396231,42.0107639,False
5401,IA11581201195,-93.5396218,42.0105125,False
5402,IA11581201209,-93.5394145,42.0089917,False
5403,IA11673418873,-93.6099107,41.9510397,False
5404,IA11685720903,-93.8335629,41.6581133,False
5405,IA11685720904,-93.8337387,41.6581134,False
5406,IA11685720906,-93.8335636,41.6582246,False
5407,IA11685720907,-93.8337394,41.6582248,False
5408,IA11685721061,-93.8889846,41.6292914,False
5409,IA11685721069,-93.8833758,41.6220621,False
5410,IA11685721074,-93.8821454,41.6220501,False
5411,IA11685721079,-93.8823006,41.6218137,False
5412,IA11685721081,-93.8820429,41.6217069,False
5413,IA11685721082,-93.8819981,41.6217151,False
5414,IA11685721086,-93.8818517,41.6219149,False
5415,IA11685721111,-93.882321,41.6216744,False
5416,IA11685721125,-93.8811679,41.6215691,False
5417,IA11685721131,-93.8818472,41.6218779,False
5418,IA11685721140,-93.8778329,41.6203194,False
5419,IA11750374211,-93.6004774,41.7160566,False
5420,IA11750374214,-93.6004459,41.7205563,False
5421,IA11750374216,-93.6003668,41.7173662,False
5422,IA11750374217,-93.6003563,41.7196635,False
5423,IA11810260110,-93.5637907,41.7607384,False
5424,IA11815788583,-93.5032944,41.6586778,False
5425,IA11815788584,-93.5030253,41.6586192,False
5426,IA11815788585,-93.5030853,41.6583893,False
5427,IA11815788586,-93.5033901,41.6584355,False
5428,IA11861376193,-93.4366556,41.7075092,False
5429,IA11861376197,-93.4349969,41.7090255,True
5430,IA11861376198,-93.4608524,41.688869,False
5431,IA11861376202,-93.4620825,41.6876951,False
5432,IA11861376203,-93.4636257,41.6863158,False
5433,IA11861376207,-93.4621179,41.6877191,False
5434,IA11863176290,-93.8250228,41.7575998,False
5435,IA12042857284,-93.6051087,41.7463674,False
5436,IA12042857287,-93.6069543,41.7463686,False
5437,IA12046818911,-93.6877021,41.7524579,True
5438,IA12046818917,-93.6871651,41.7525576,False
5439,IA12046818932,-93.6770666,41.742839,False
5440,IA12046818938,-93.6765274,41.7427396,False
5441,IA12055481051,-93.6099089,42.0071736,False
5442,IA12059500077,-93.6781271,41.6295112,False
5443,IA12059500079,-93.6792884,41.6295001,False
5444,IA12139374294,-93.449859,41.644334,False
5445,IA12139378008,-93.4482078,41.6441421,False
5446,IA12139378079,-93.4571297,41.6440541,False
5447,IA12139378084,-93.4549254,41.6441805,False
5448,IA12139378094,-93.4521878,41.6442558,False
5449,IA12139378100,-93.4502547,41.6441529,False
5450,IA12160039689,-93.5223,41.6437042,False
5451,IA12160039691,-93.5225946,41.6441057,False
5452,IA12160039692,-93.522276,41.6440412,False
5453,IA12160039700,-93.5224515,41.644332,False
5454,IA12160071602,-93.5225693,41.644276,False
5455,IA12160071616,-93.5224979,41.6440306,False
5456,IA12160071623,-93.5222309,41.6440735,False
5457,IA12160071624,-93.5221984,41.6442325,False
5458,IA12160071628,-93.5222619,41.6442982,False
5459,IA12160071633,-93.5212802,41.6441725,False
5460,IA12160071634,-93.5212814,41.6440918,False
5461,IA12160071635,-93.5217932,41.6441732,False
5462,IA12160071636,-93.5217933,41.6440956,False
5463,IA12249398017,-93.4645759,41.6508824,False
5464,IA12282178499,-93.7632968,41.6882006,False
5465,IA12300641684,-93.5811318,41.7463547,False
5466,IA12416715098,-93.8787679,42.0227702,False
5467,IA12416715100,-93.8784311,42.0230094,False
5468,IA12676485188,-93.8821807,41.6220391,False
5469,IA12676485189,-93.882312,41.621839,False
5470,IA12714078952,-93.4870745,41.6726074,False
5471,IA12852229573,-93.4501973,41.6443994,False
5472,IA12916601429,-93.8149006,41.7611751,False
5473,IA12916601433,-93.8149196,41.7609959,False
5474,IA12916601434,-93.814877,41.7609599,False
5475,IA12916601436,-93.8146294,41.7609553,False
5476,IA12916601437,-93.8145821,41.7609922,False
5477,IA12916601443,-93.8146748,41.7622798,False
5478,IA12916601459,-93.8148332,41.7612107,False
5479,IA12916601460,-93.8146308,41.7611947,False
5480,IA12916601471,-93.8146546,41.759948,False
5481,IA12916601480,-93.8153845,41.7611012,False
5482,IA12916753712,-93.8145774,41.7611508,False
5483,IA12953997287,-93.8467589,41.6150686,False
5484,IA12953997300,-93.8493279,41.6149462,False
5485,IA12956139689,-93.8917854,41.6881035,False
5486,IA12956139695,-93.8914748,41.6882911,False
5487,IA159053999,-93.8446742,42.0637747,False
5488,IA159068182,-93.79583,42.0637064,False
5489,IA159081654,-93.873764,42.066967,False
5490,IA159086973,-93.8930788,42.0593176,False
5491,IA159091748,-93.717929,42.195402,False
5492,IA159092987,-93.795938,42.166452,False
5493,IA159093034,-93.874115,42.166538,False
5494,IA159093049,-93.917084,42.166577,False
5495,IA159093123,-93.941018,42.163193,False
5496,IA159093675,-93.795832,42.07824,False
5497,IA159093721,-93.8446857,42.0782023,False
5498,IA159094417,-93.796016,42.195363,False
5499,IA159094576,-93.795678,42.050274,False
5500,IA159096870,-93.874378,42.195509,False
5501,IA159097068,-93.893206,42.07907,False
5502,IA159097155,-93.89828,42.130303,False
5503,IA159098121,-93.879984,42.059655,False
5504,IA159098135,-93.8800119,42.0637954,False
5505,IA159098158,-93.880145,42.078269,False
5506,IA159099853,-93.902973,42.059347,False
5507,IA159103317,-93.914637,42.059283,False
5508,IA159104050,-93.8155511,42.0636142,False
5509,IA159109554,-93.8930633,42.0492415,False
5510,IA159110456,-93.8737457,42.0655217,True
5511,IA159112407,-93.8189883,42.0636063,False
5512,IA159119856,-93.874,42.130359,False
5513,IA159122733,-93.874969,42.059661,True
5514,IA159123056,-93.875013,42.063789,False
5515,IA159781366,-93.8048765,42.4660013,False
5516,IA159781468,-93.7969888,42.405398,False
5517,IA159781708,-93.560228,42.3978132,False
5518,IA159781712,-93.5601445,42.4266989,False
5519,IA159782812,-93.7282253,42.3902967,False
5520,IA159783216,-93.5729308,42.2383017,False
5521,IA159783409,-93.5724399,42.3983831,False
5522,IA159783415,-93.5703624,42.3935727,False
5523,IA159783461,-93.5686289,42.3983277,False
5524,IA159783660,-93.8264306,42.459871,True
5525,IA159784104,-93.8970141,42.4495309,False
5526,IA159784114,-93.9046222,42.4505787,False
5527,IA159784128,-93.9121883,42.4493147,False
5528,IA159784965,-93.9046057,42.4470752,False
5529,IA159785377,-93.5016281,42.3105736,False
5530,IA159785510,-93.6203274,42.2355013,False
5531,IA159785517,-93.6204907,42.2382701,False
5532,IA159785523,-93.6396701,42.2382886,False
5533,IA159785529,-93.6396566,42.2412107,False
5534,IA159785643,-93.5696022,42.4422596,False
5535,IA159785654,-93.5774688,42.4488797,False
5536,IA159785902,-93.5690931,42.4536134,False
5537,IA159786178,-93.5689966,42.4653226,False
5538,IA159786210,-93.5686943,42.4663244,True
5539,IA159786897,-93.5694105,42.306058,False
5540,IA159787833,-93.7124726,42.4492963,False
5541,IA159787838,-93.7242323,42.4492423,False
5542,IA159788392,-93.5210872,42.4462638,False
5543,IA159789276,-93.9276948,42.2243999,False
5544,IA159789490,-93.7982776,42.4217391,False
5545,IA159789917,-93.6594656,42.3105848,False
5546,IA159789918,-93.659629,42.3250346,False
5547,IA159790427,-93.8158354,42.4665499,False
5548,IA159790587,-93.5019461,42.2237622,True
5549,IA159790589,-93.5018829,42.2382865,False
5550,IA159790596,-93.501739,42.28175,False
5551,IA159790652,-93.8548645,42.3104455,False
5552,IA159790742,-93.835471,42.3836853,False
5553,IA159790755,-93.8354538,42.4126923,False
5554,IA159790876,-93.8214571,42.4598273,False
5555,IA159790893,-93.8214946,42.4675409,False
5556,IA159790895,-93.8214932,42.4684994,True
5557,IA159790899,-93.8214918,42.4694313,False
5558,IA159791454,-93.5814969,42.3104835,False
5559,IA159791681,-93.5692345,42.4487635,False
5560,IA159791953,-93.5814264,42.3685363,False
5561,IA159791971,-93.6399052,42.3684276,False
5562,IA159792039,-93.9234785,42.368578,False
5563,IA159792584,-93.7278939,42.3396549,False
5564,IA159792844,-93.8740164,42.2242796,False
5565,IA159792855,-93.8351423,42.2240863,False
5566,IA159792863,-93.7955777,42.2239855,False
5567,IA159792907,-93.4749087,42.2237382,False
5568,IA159792919,-93.5812759,42.2237779,False
5569,IA159792972,-93.5212348,42.42675,False
5570,IA159792988,-93.6011182,42.4271557,False
5571,IA159793006,-93.472466,42.4270654,False
5572,IA159793026,-93.7574112,42.4272122,False
5573,IA159793038,-93.7183869,42.4270934,False
5574,IA159793043,-93.679657,42.4269926,False
5575,IA159793049,-93.6400915,42.4271873,False
5576,IA159793128,-93.8024266,42.4693161,True
5577,IA159793229,-93.6029934,42.2367037,False
5578,IA159793232,-93.6033028,42.2383031,False
5579,IA159793268,-93.8158298,42.4684526,False
5580,IA159793272,-93.8171028,42.468463,False
5581,IA159793278,-93.826374,42.4685397,False
5582,IA159793598,-93.6794941,42.3834281,False
5583,IA159793774,-93.9045758,42.4418708,False
5584,IA159793812,-93.4820263,42.4375058,False
5585,IA159793846,-93.5210837,42.4411684,False
5586,IA159794209,-93.6241829,42.2382568,False
5587,IA159794234,-93.6356798,42.238285,False
5588,IA159794244,-93.7179096,42.2382852,False
5589,IA159794254,-93.7957439,42.2384745,False
5590,IA159794406,-93.5813152,42.2383021,False
5591,IA159794426,-93.5814271,42.2817656,False
5592,IA159794547,-93.5825955,42.3980682,False
5593,IA159794586,-93.5910322,42.2165114,False
5594,IA159794647,-93.6400011,42.3068671,False
5595,IA159794654,-93.6400298,42.3092755,False
5596,IA159794679,-93.6400148,42.3249338,False
5597,IA159795049,-93.6020454,42.2382953,False
5598,IA159795804,-93.8162573,42.4536593,True
5599,IA159795810,-93.8158554,42.4597783,True
5600,IA159795822,-93.8158327,42.4674817,False
5601,IA159795826,-93.815827,42.4693839,False
5602,IA159795975,-93.7180028,42.3106943,False
5603,IA159795978,-93.7277766,42.3106748,False
5604,IA159795992,-93.7961615,42.3105306,False
5605,IA159795995,-93.8352955,42.3104586,False
5606,IA159796003,-93.8743995,42.3106279,False
5607,IA159796022,-93.9181393,42.3107617,False
5608,IA159796053,-93.5211999,42.3105445,False
5609,IA159796072,-93.4823326,42.3105318,False
5610,IA159796371,-93.9042245,42.4127019,False
5611,IA159796841,-93.8129954,42.4693956,False
5612,IA159796847,-93.817104,42.4693917,False
5613,IA159796853,-93.8263679,42.4694753,False
5614,IA159796857,-93.835354,42.4695565,True
5615,IA159797762,-93.8354357,42.45995,True
5616,IA159797835,-93.7963623,42.3397562,False
5617,IA159798110,-93.640247,42.3835198,False
5618,IA159798158,-93.7953452,42.3874347,False
5619,IA159798617,-93.4823583,42.3980569,False
5620,IA159798631,-93.5213158,42.3979897,False
5621,IA159798646,-93.601104,42.398076,False
5622,IA159798653,-93.6401727,42.398065,False
5623,IA159799629,-93.7958619,42.2673372,False
5624,IA159800163,-93.8352657,42.2674426,False
5625,IA159800166,-93.8742114,42.267597,False
5626,IA159800573,-93.7179253,42.2819021,False
5627,IA159801721,-93.8171017,42.4674949,False
5628,IA159802196,-93.8263802,42.467592,True
5629,IA159825708,-93.4440193,42.3980731,False
5630,IA161037566,-93.5565728,42.132036,False
5631,IA161037568,-93.5548575,42.1297363,False
5632,IA161037581,-93.5529966,42.1273333,False
5633,IA161037591,-93.5528527,42.1232338,False
5634,IA161039086,-93.5560901,42.1109102,False
5635,IA161039103,-93.5573318,42.1081244,False
5636,IA161046116,-93.5702056,42.1617095,False
5637,IA161046130,-93.5688353,42.1661272,False
5638,IA161046150,-93.5705759,42.1714909,False
5639,IA161070974,-93.5687566,42.0778984,False
5640,IA161071649,-93.5704519,42.1611828,False
5641,IA161071669,-93.572596,42.16611,False
5642,IA161071680,-93.5708576,42.1704896,False
5643,IA161072381,-93.5708356,42.1820681,False
5644,IA161072393,-93.572493,42.187754,True
5645,IA161072408,-93.570747,42.1921888,True
5646,IA161075388,-93.6495887,42.0562059,False
5647,IA161092021,-93.5705752,42.1837449,True
5648,IA161092043,-93.568717,42.187787,False
5649,IA161092056,-93.5703994,42.193465,False
5650,IA161092228,-93.5585354,42.1347929,False
5651,IA161092310,-93.5547009,42.1283439,False
5652,IA161118312,-93.582736,42.16602,False
5653,IA161119935,-93.501967,42.16638,True
5654,IA161120208,-93.6205964,42.0560946,False
5655,IA161120210,-93.6207492,42.0560946,False
5656,IA161120224,-93.6303076,42.0559654,False
5657,IA161120228,-93.6313957,42.0558822,False
5658,IA161120270,-93.6382041,42.0563943,False
5659,IA161120304,-93.6303046,42.0558357,False
5660,IA161120326,-93.6207394,42.0559608,False
5661,IA161120327,-93.6205906,42.0559637,False
5662,IA161121615,-93.620466,42.106766,False
5663,IA161121680,-93.6987058,42.1069665,False
5664,IA161121716,-93.659199,42.106913,False
5665,IA161123863,-93.62033,42.195291,False
5666,IA161125120,-93.6986714,42.0707441,False
5667,IA161125128,-93.698665,42.07798,False
5668,IA161125235,-93.698571,42.166541,False
5669,IA161125610,-93.5019939,42.1880874,False
5670,IA161125649,-93.462943,42.188326,False
5671,IA161125687,-93.6204036,42.1873739,False
5672,IA161126585,-93.5910746,42.187105,True
5673,IA161126590,-93.589039,42.187136,True
5674,IA161139228,-93.6205001,42.0512054,False
5675,IA161141096,-93.6524601,42.0562525,False
5676,IA161141180,-93.659369,42.070679,False
5677,IA161156508,-93.6211729,42.0591901,False
5678,IA161156529,-93.620657,42.051203,False
5679,IA161156880,-93.620378,42.1663074,False
5680,IA161159976,-93.6401127,42.0616188,False
5681,IA161183894,-93.620434,42.104587,False
5682,IA161183911,-93.620428,42.110087,False
5683,IA161356101,-93.9318524,42.4505938,False
5684,IA161356471,-93.9318465,42.4508304,True
5685,IA161371613,-93.9318646,42.3686134,False
5686,IA161371688,-93.9318383,42.4418667,False
5687,IA263713721,-93.5698711,42.448669,False
5688,IA263714012,-93.5692587,42.4438314,False
5689,IA263714017,-93.5688111,42.4537783,False
5690,IA263714219,-93.5767977,42.4486584,False
5691,IA263715575,-93.5689251,42.448774,False
5692,IA387123929,-93.5696952,42.3060817,False
5693,IA389161555,-93.9118756,42.4490233,False
5694,IA389161556,-93.8979341,42.4491735,False
5695,IA389161700,-93.7184778,42.4476712,False
5696,IA389161708,-93.7189006,42.4491201,False
5697,IA389161709,-93.7258624,42.4489538,False
5698,IA389161718,-93.7184439,42.4500493,False
5699,IA389161797,-93.6470187,42.448904,False
5700,IA389161803,-93.6402183,42.4473728,False
5701,IA389161809,-93.6336874,42.4488769,False
5702,IA389161810,-93.6473004,42.4491057,False
5703,IA389161815,-93.6402231,42.4506551,False
5704,IA389161821,-93.6333011,42.4491046,False
5705,IA389170073,-93.8160354,42.4510213,False
5706,IA389170600,-93.8156283,42.447167,True
5707,IA389196431,-93.8084115,42.4492465,True
5708,IA389196453,-93.8228456,42.4492404,False
5709,IA389198775,-93.8232603,42.448974,False
5710,IA391175172,-93.8355833,42.4417876,False
5711,IA391188156,-93.893199,42.078211,False
5712,IA391188157,-93.891974,42.078237,False
5713,IA391188176,-93.873737,42.078277,True
5714,IA391210123,-93.4246324,42.3249306,False
5715,IA391210172,-93.4441381,42.324916,False
5716,IA391234156,-93.6398828,42.1062846,False
5717,IA391263703,-93.7282235,42.3834109,False
5718,IA411667875,-93.6400573,42.4695859,False
5719,IA441422005,-93.5706448,42.3931563,False
5720,IA441422009,-93.5703175,42.4031268,False
5721,IA441422010,-93.5705811,42.403321,False
5722,IA555798008,-93.6495884,42.0563229,False
5723,IA555798036,-93.6448767,42.0563741,False
5724,IA568039143,-93.8095759,42.4489824,False
5725,IA599165312,-93.9213399,42.0673008,False
5726,IA599165390,-93.9029917,42.0673379,False
5727,IA1589980529,-93.569782,42.4488794,False
5728,IA1589980572,-93.521072,42.4497688,False
5729,IA1699052037,-93.5710029,42.2337332,False
5730,IA1699052085,-93.5689127,42.2383037,False
5731,IA1699052116,-93.5713096,42.2330549,False
5732,IA1699052141,-93.5704176,42.2429327,False
5733,IA1819704555,-93.5706796,42.2433611,False
5734,IA1982463097,-93.7191708,42.4476743,False
5735,IA1982608639,-93.8446487,42.0565339,False
5736,IA2067994169,-93.8214832,42.4665998,False
5737,IA2067994172,-93.821459,42.4649146,False
5738,IA2666030244,-93.5695984,42.3151278,False
5739,IA3278634895,-93.6399213,42.2817041,False
5740,IA4731082899,-93.7959783,42.2817608,False
5741,IA5714910377,-93.6984043,42.1954094,False
5742,IA7078522017,-93.5692677,42.3151192,False
5743,IA7078522019,-93.5705526,42.3104798,False
5744,IA7078522020,-93.5683204,42.3104847,False
5745,IA7689382786,-93.6404535,42.1067291,False
5746,IA7689382797,-93.6399452,42.1066714,False
5747,IA7689382798,-93.6399104,42.1066306,False
5748,IA7689382802,-93.6396971,42.1065968,False
5749,IA7689382814,-93.6399278,42.1068207,False
5750,IA7689382819,-93.639621,42.1066258,False
5751,IA7689382822,-93.6391299,42.1067232,False
5752,IA7689382828,-93.6395817,42.1067991,False
5753,IA9413407704,-93.7963163,42.3832675,False
5754,IA9893635043,-93.6231555,42.0661805,False
5755,IA10240442724,-93.8211688,42.0524953,False
5756,IA11515218396,-93.8156455,42.04827,False
5757,IA11515218403,-93.8160808,42.0458607,False
5758,IA11515218416,-93.795838,42.0658269,False
5759,IA11515218424,-93.7965134,42.063705,False
5760,IA11515218436,-93.8155641,42.0630676,False
5761,IA11515218451,-93.8233944,42.0529539,False
5762,IA11515218460,-93.8213401,42.051936,False
5763,IA12401102805,-93.7958305,42.0634482,False
5764,IA12401102808,-93.7962719,42.0637055,False
5765,IA158920090,-94.356933,41.200809,False
5766,IA158938044,-94.376055,41.157455,False
5767,IA158944803,-94.260714,41.200397,False
5768,IA159346273,-93.951428,41.146231,False
5769,IA159347361,-93.957107,40.896876,False
5770,IA159359646,-93.94618,41.055738,False
5771,IA159366364,-93.917972,41.149709,False
5772,IA159366387,-93.9179547,41.149094,False
5773,IA159397260,-93.950879,41.037836,False
5774,IA159398758,-93.9180969,41.0773847,False
5775,IA159398840,-93.918161,41.041066,False
5776,IA159399762,-93.994421,41.063235,False
5777,IA159400935,-93.956481,41.03788,False
5778,IA159417215,-93.956288,41.077604,False
5779,IA159422454,-93.975395,41.063624,False
5780,IA159422470,-93.975599,41.063176,False
5781,IA159422623,-93.974798,41.063179,False
5782,IA159423983,-93.956286,41.146222,False
5783,IA159424156,-93.956457,41.063132,False
5784,IA159529567,-93.96663,40.885946,False
5785,IA159533227,-93.957543,40.835347,False
5786,IA159533749,-93.910212,40.73166,False
5787,IA159567285,-93.914708,40.731465,False
5788,IA159571898,-93.966497,40.882808,False
5789,IA159572405,-93.975809,40.796289,False
5790,IA159573953,-93.962415,40.818442,True
5791,IA159578296,-93.919449,40.864568,False
5792,IA159578518,-93.957481,40.821407,False
5793,IA159579286,-93.957422,40.818434,False
5794,IA159587677,-93.9033944,40.8077645,False
5795,IA159589314,-93.975331,40.819672,False
5796,IA160434339,-94.1096,41.156852,False
5797,IA160441916,-94.1847,41.17123,False
5798,IA160468712,-94.10927,41.214624,False
5799,IA160835639,-94.0628648,40.8255053,False
5800,IA160841491,-94.223548,40.840323,False
5801,IA160843267,-94.043464,40.796939,False
5802,IA160850212,-94.2618331,40.8921897,False
5803,IA160850630,-94.06253,40.807659,False
5804,IA160854904,-94.034367,40.82535,False
5805,IA160863114,-94.11007,40.876233,False
5806,IA160876813,-94.062343,40.742889,False
5807,IA160879155,-94.062276,40.796803,False
5808,IA160883054,-94.110773,40.854521,False
5809,IA160888264,-94.338154,40.812327,False
5810,IA160889769,-94.110744,40.840091,False
5811,IA160893050,-94.044511,40.807601,False
5812,IA160893395,-94.223726,40.741296,False
5813,IA160893491,-94.223707,40.854787,False
5814,IA160893535,-94.223991,40.897954,False
5815,IA160895659,-94.37696,40.812504,False
5816,IA160895671,-94.386527,40.812481,False
5817,IA161157475,-94.3851767,41.057344,False
5818,IA161157522,-94.385394,41.071182,True
5819,IA161162156,-94.142276,41.045508,False
5820,IA161162167,-94.142924,41.046112,False
5821,IA161188915,-94.3602628,41.0577959,True
5822,IA161190042,-94.35164,41.056586,False
5823,IA161192741,-94.200447,41.036323,False
5824,IA161195298,-94.3769328,41.0474402,False
5825,IA161196002,-94.3806147,41.0527449,True
5826,IA161196022,-94.3805129,41.0573087,False
5827,IA161196068,-94.351315,41.049646,False
5828,IA161196747,-94.260809,41.157208,False
5829,IA161197217,-94.152695,40.984097,False
5830,IA161199819,-94.197588,41.028431,False
5831,IA161201068,-94.363834,41.049179,True
5832,IA161201088,-94.3638503,41.0573069,True
5833,IA161201576,-94.337222,41.050033,False
5834,IA161202232,-94.050117,41.025847,False
5835,IA161202296,-94.375678,41.057301,False
5836,IA161202318,-94.375806,41.071117,True
5837,IA161202853,-94.356735,41.071031,True
5838,IA161204022,-94.3710936,41.0491448,True
5839,IA161204289,-94.2991,41.070907,False
5840,IA161205040,-94.033471,41.099195,False
5841,IA161205085,-94.033584,41.128092,False
5842,IA161205087,-94.03358,41.128619,False
5843,IA161205352,-94.1975966,41.0275212,False
5844,IA161206708,-94.376143,41.143497,False
5845,IA161207343,-94.158301,41.028496,False
5846,IA161207417,-94.180947,41.02742,False
5847,IA161208230,-94.2614336,40.8982555,False
5848,IA161208433,-94.376269,40.899193,False
5849,IA161210302,-94.152934,41.003323,False
5850,IA161211291,-94.41453,41.143751,False
5851,IA161211383,-94.19524,41.027535,False
5852,IA161212618,-94.147271,41.084857,False
5853,IA161214393,-94.20451,41.084186,False
5854,IA161214469,-94.203931,41.128408,False
5855,IA161215674,-94.3696659,41.05632,False
5856,IA161217446,-94.0810747,41.0273563,False
5857,IA161217518,-94.138231,41.027484,False
5858,IA161217645,-94.1969369,41.0341782,False
5859,IA161217726,-94.242277,41.047913,False
5860,IA161218414,-94.053098,41.128075,False
5861,IA161218442,-94.142584,41.066869,False
5862,IA161220250,-94.034299,41.128104,False
5863,IA161220335,-94.114329,41.128022,False
5864,IA161224897,-94.068736,41.095518,False
5865,IA161224911,-94.06683,41.099133,False
5866,IA161225244,-94.223538,40.948448,False
5867,IA161225928,-94.260505,41.128173,False
5868,IA161225969,-94.261642,41.114738,False
5869,IA161226277,-94.357075,41.114052,False
5870,IA161226447,-94.3669444,41.0572893,True
5871,IA161226451,-94.372631,41.057286,False
5872,IA161226492,-94.394791,41.057407,True
5873,IA161226546,-94.371658,41.051934,False
5874,IA161226851,-94.1971342,41.0339058,False
5875,IA161229530,-94.228488,40.948427,False
5876,IA161230519,-94.372603,41.054932,False
5877,IA161231882,-94.357126,41.143346,False
5878,IA161237584,-94.363882,41.071037,False
5879,IA391175466,-94.337198,41.070924,False
5880,IA391175531,-94.3839585,41.0429093,True
5881,IA391188514,-93.956521,41.04866,False
5882,IA391256160,-94.04365,40.808263,False
5883,IA391256162,-94.043626,40.807421,False
5884,IA391256810,-93.957398,40.817403,False
5885,IA9360753018,-94.3801435,41.0453483,True
5886,IA10571369000,-94.1966682,41.0340114,False
5887,IA10573448697,-94.1992369,41.0355526,False
5888,IA10799417305,-94.372524,41.071098,False
5889,IA10962820378,-94.0810792,41.0276392,False
5890,IA11038400794,-94.0501862,41.0260601,False
5891,IA11038400796,-94.0503781,41.0258455,False
5892,IA11082074927,-93.9183584,41.1493498,False
5893,IA11173117960,-94.3344157,41.0500394,False
5894,IA11173117966,-94.3372201,41.0504249,False
5895,IA11377135230,-94.3376819,41.0500332,False
5896,IA11377135235,-94.3372217,41.0496903,False
5897,IA11377135239,-94.3367227,41.0500341,False
5898,IA11646732968,-94.0815,41.0273527,False
5899,IA31535474,-94.0063601,41.5410256,False
5900,IA31535480,-94.018424,41.539748,False
5901,IA31535502,-94.083153,41.519072,True
5902,IA31535517,-94.117947,41.517759,False
5903,IA31535555,-94.1924976,41.516473,False
5904,IA34987572,-94.199661,41.510691,False
5905,IA34987630,-94.127182,41.517523,False
5906,IA34987704,-94.005775,41.540853,True
5907,IA158870881,-94.241393,41.402738,False
5908,IA158870913,-94.279812,41.402714,False
5909,IA158870928,-94.31808,41.402599,False
5910,IA158870961,-94.375818,41.402765,False
5911,IA158870976,-94.414181,41.40281,False
5912,IA158872894,-94.318515,41.495041,True
5913,IA158872895,-94.31893,41.494717,False
5914,IA158872911,-94.3230313,41.4931039,True
5915,IA158873926,-94.246825,41.493362,False
5916,IA158878670,-94.318516,41.491417,False
5917,IA158878677,-94.318944,41.491323,False
5918,IA158878691,-94.323236,41.492909,False
5919,IA158878739,-94.3137203,41.49291,False
5920,IA158878756,-94.318055,41.49135,False
5921,IA158878810,-94.24609,41.493165,False
5922,IA158879627,-94.456003,41.495814,False
5923,IA158879680,-94.446743,41.495825,False
5924,IA158880413,-94.313759,41.4931,False
5925,IA158880452,-94.31811,41.494742,False
5926,IA158880455,-94.318505,41.494654,False
5927,IA158889599,-94.448284,41.496052,False
5928,IA158889638,-94.456279,41.496049,False
5929,IA158898413,-94.318512,41.490926,True
5930,IA158901242,-94.406111,41.49608,False
5931,IA158904866,-94.4132661,41.496033,False
5932,IA158908841,-94.413279,41.495829,False
5933,IA158909199,-94.405639,41.495877,False
5934,IA158920223,-94.356841,41.258312,False
5935,IA158920273,-94.356856,41.301691,False
5936,IA158920537,-94.279761,41.373795,False
5937,IA158920690,-94.279871,41.460455,False
5938,IA158920731,-94.280127,41.489533,False
5939,IA158925628,-94.433905,41.301782,False
5940,IA158929270,-94.414535,41.301753,False
5941,IA158929352,-94.376061,41.301796,False
5942,IA158929837,-94.318352,41.503684,True
5943,IA158931075,-94.317211,41.314008,False
5944,IA158931130,-94.317984,41.344946,False
5945,IA158931302,-94.318286,41.460551,False
5946,IA158938528,-94.376038,41.34507,False
5947,IA158938779,-94.3757403,41.460537,False
5948,IA158944807,-94.261571,41.20043,False
5949,IA158945468,-94.241705,41.243738,False
5950,IA158948053,-94.260908,41.258164,False
5951,IA158948903,-94.414192,41.460359,False
5952,IA158949862,-94.4145848,41.2584043,False
5953,IA158949924,-94.452543,41.258363,False
5954,IA158959990,-94.4526458,41.34554,False
5955,IA158960029,-94.414293,41.345209,False
5956,IA159439454,-94.123396,41.516624,False
5957,IA159440770,-94.123421,41.518426,False
5958,IA159440841,-94.195069,41.515517,False
5959,IA159443723,-94.075112,41.517988,False
5960,IA159444051,-94.076384,41.518874,False
5961,IA159444361,-94.196235,41.512546,False
5962,IA159445432,-94.196174,41.5154834,False
5963,IA159446680,-94.0787288,41.5208528,False
5964,IA159447058,-93.954318,41.548978,False
5965,IA159448679,-94.012649,41.541552,False
5966,IA159448730,-94.012642,41.5392318,False
5967,IA159450863,-94.012631,41.53561,True
5968,IA159450903,-94.233094,41.564687,False
5969,IA159453577,-94.191543,41.587382,False
5970,IA159454043,-93.951008,41.532145,False
5971,IA159454072,-94.196038,41.590605,True
5972,IA159456619,-93.973897,41.532092,False
5973,IA159460082,-94.012585,41.570326,False
5974,IA159460364,-94.0125307,41.5176,False
5975,IA159463507,-94.233365,41.589374,False
5976,IA159463610,-94.079997,41.5279,False
5977,IA159465218,-94.233033,41.510896,False
5978,IA159465242,-94.232781,41.518137,False
5979,IA159467668,-94.199073,41.604411,False
5980,IA159470638,-94.1960526,41.587351,False
5981,IA159472661,-94.188325,41.647663,False
5982,IA159473166,-94.19558,41.582512,False
5983,IA159475995,-94.196092,41.597319,False
5984,IA159480007,-94.228113,41.518094,False
5985,IA159481548,-93.95558,41.517723,False
5986,IA159483073,-94.151043,41.597095,False
5987,IA159483194,-94.08598,41.600462,False
5988,IA159483205,-94.0706312,41.600627,False
5989,IA159489537,-94.188199,41.629738,False
5990,IA159489539,-94.164154,41.629634,False
5991,IA159489575,-94.08626,41.629528,False
5992,IA159501555,-94.194355,41.53949,False
5993,IA159508880,-93.959569,41.528493,False
5994,IA159512435,-94.146598,41.539278,False
5995,IA159810957,-94.337441,41.626666,False
5996,IA159811744,-94.376037,41.554277,False
5997,IA159814971,-94.299111,41.532623,False
5998,IA159820227,-94.371134,41.597444,False
5999,IA159823925,-94.286463,41.561343,False
6000,IA159830320,-94.322397,41.597293,False
6001,IA159838985,-94.318399,41.601476,False
6002,IA159847761,-94.290086,41.561975,False
6003,IA159850098,-94.251128,41.515076,False
6004,IA160357907,-94.013461,41.344794,True
6005,IA160358179,-94.013107,41.380873,False
6006,IA160358204,-94.016472,41.474327,False
6007,IA160358300,-94.131906,41.49617,False
6008,IA160369639,-94.241536,41.492369,False
6009,IA160369669,-94.236814,41.493463,False
6010,IA160371016,-94.023075,41.326371,False
6011,IA160372542,-94.1273106,41.49613,True
6012,IA160395962,-94.236695,41.493691,False
6013,IA160395988,-94.2415489,41.49471,False
6014,IA160414819,-94.05659,41.330278,False
6015,IA160421368,-94.032647,41.330284,True
6016,IA160422024,-93.906511,41.474575,False
6017,IA160431034,-93.925595,41.474162,False
6018,IA160431312,-94.0419671,41.330274,False
6019,IA160431322,-94.023047,41.330232,True
6020,IA160431324,-94.022987,41.330232,False
6021,IA160431331,-94.018376,41.330222,False
6022,IA160431344,-94.013388,41.330237,False
6023,IA160431818,-94.0133717,41.3344624,True
6024,IA160432623,-93.912535,41.264966,False
6025,IA160433165,-94.071071,41.297222,True
6026,IA160433917,-93.943916,41.225243,False
6027,IA160434084,-93.994123,41.178245,False
6028,IA160434896,-94.1230033,41.4961785,True
6029,IA160435295,-94.184922,41.243642,False
6030,IA160435821,-94.127309,41.420606,False
6031,IA160436085,-94.080022,41.496349,False
6032,IA160437096,-93.918885,41.227211,False
6033,IA160437379,-94.018344,41.326369,False
6034,IA160439458,-94.18459,41.330365,False
6035,IA160439916,-94.127111,41.330204,False
6036,IA160440123,-93.99935,41.214928,False
6037,IA160440545,-93.9141721,41.4249333,False
6038,IA160441159,-93.983849,41.334439,False
6039,IA160443774,-94.051456,41.423964,False
6040,IA160443837,-94.01323,41.423758,False
6041,IA160444550,-94.241448,41.460543,False
6042,IA160444591,-94.185199,41.460388,False
6043,IA160446305,-94.028132,41.3258,True
6044,IA160446389,-94.185066,41.214689,False
6045,IA160448319,-94.033094,41.345001,True
6046,IA160449183,-94.184815,41.258115,False
6047,IA160449359,-94.042161,41.258007,False
6048,IA160454739,-93.9248588,41.2273207,False
6049,IA160455327,-94.046466,41.467306,False
6050,IA160455513,-93.916628,41.474666,False
6051,IA160457222,-94.037927,41.199935,False
6052,IA160457259,-94.033204,41.210532,False
6053,IA160457372,-94.013272,41.2435485,False
6054,IA160457399,-94.013365,41.265198,False
6055,IA160459208,-94.185155,41.497392,False
6056,IA160459298,-94.1775454,41.2436489,False
6057,IA160459628,-94.041338,41.213298,False
6058,IA160459666,-94.04242,41.2436151,False
6059,IA160459695,-94.042031,41.265291,False
6060,IA160459759,-94.041532,41.303247,False
6061,IA160463430,-94.090091,41.250809,False
6062,IA160463433,-94.089821,41.250746,False
6063,IA160463531,-94.090085,41.250493,False
6064,IA160463945,-94.022969,41.334453,False
6065,IA160464651,-94.1848853,41.2074324,False
6066,IA160466858,-93.998821,41.243514,False
6067,IA160471697,-93.998719,41.265213,False
6068,IA391232506,-94.023067,41.344901,True
6069,IA391233156,-94.132139,41.496173,False
6070,IA391235861,-94.31822,41.514529,False
6071,IA391264995,-94.195619,41.517891,False
6072,IA391265025,-94.196104,41.516215,False
6073,IA551079213,-94.1983901,41.5120627,False
6074,IA551079214,-94.1966794,41.5144908,False
6075,IA551079226,-94.1960106,41.5165377,False
6076,IA551079227,-94.1936783,41.5154257,False
6077,IA551079231,-94.1281621,41.5178062,False
6078,IA551079239,-94.1163845,41.5175029,False
6079,IA551079241,-94.0810018,41.5191472,False
6080,IA551079246,-94.0788334,41.5209505,False
6081,IA551079251,-94.0724531,41.5207278,False
6082,IA551079256,-94.0721431,41.520517,False
6083,IA551079265,-94.0183464,41.539473,False
6084,IA551100731,-93.9530124,41.5468519,False
6085,IA551100742,-93.9185359,41.5540937,False
6086,IA551100753,-93.912524,41.5553937,False
6087,IA1897900004,-94.1962133,41.5145583,False
6088,IA3574855759,-94.0126122,41.5389396,False
6089,IA3574855774,-94.0128566,41.5391655,False
6090,IA3574855776,-94.0122198,41.5392597,False
6091,IA9307457832,-94.0900318,41.2443566,False
6092,IA11636502768,-94.0129313,41.2435435,False
6093,IA11636593770,-94.0132736,41.2437801,False
6094,IA11643207683,-94.0125322,41.5173392,False
6095,IA11643207685,-94.0128395,41.5176003,False
6096,IA11643207686,-94.0125292,41.5178694,False
6097,IA11643207688,-94.0121636,41.517601,False
6098,IA159039196,-94.0277238,42.0297132,False
6099,IA159039236,-94.028037,42.03115,False
6100,IA159039280,-94.020151,42.029708,False
6101,IA159039284,-94.028021,42.028046,False
6102,IA159039332,-94.035876,42.029479,False
6103,IA159050078,-94.028356,42.0295,False
6104,IA159080648,-93.931102,41.870485,False
6105,IA159081241,-93.9554027,41.9935703,False
6106,IA159081265,-93.989096,41.993652,False
6107,IA159081292,-94.027957,41.993789,False
6108,IA159081419,-94.125525,41.993674,False
6109,IA159081783,-94.0280479,42.0390506,False
6110,IA159082368,-93.950832,42.033779,False
6111,IA159082392,-93.988957,42.029849,False
6112,IA159082459,-94.045565,42.031185,False
6113,IA159082502,-94.1060021,42.034624,False
6114,IA159082525,-94.125445,42.034595,False
6115,IA159082940,-93.950829,42.033567,False
6116,IA159082967,-93.988956,42.029644,False
6117,IA159084367,-94.028175,41.95039,False
6118,IA159085943,-94.087599,41.870427,False
6119,IA159087127,-94.028181,41.877692,False
6120,IA159096313,-94.028222,41.870411,False
6121,IA159096543,-94.106139,41.870474,False
6122,IA159097767,-93.912367,42.030028,False
6123,IA159098828,-93.9503416,41.964744,False
6124,IA159099034,-93.95088,42.037387,False
6125,IA159099635,-94.028055,41.96489,False
6126,IA159110883,-93.989074,42.038161,False
6127,IA159111001,-94.116012,41.935894,False
6128,IA159121420,-94.115861,41.884984,False
6129,IA159441345,-94.096929,41.849354,False
6130,IA159443440,-94.028346,41.837077,False
6131,IA159444177,-94.0283186,41.835179,True
6132,IA159444749,-94.069454,41.83554,False
6133,IA159453232,-94.086824,41.791316,False
6134,IA159453364,-94.0821875,41.8420881,False
6135,IA159453491,-93.9553358,41.6147479,False
6136,IA159453708,-94.2221122,41.842656,False
6137,IA159453935,-94.269666,41.644498,False
6138,IA159453944,-94.087227,41.845662,False
6139,IA159453954,-94.096908,41.845722,False
6140,IA159453977,-94.1065927,41.845708,False
6141,IA159455813,-94.125911,41.8357704,False
6142,IA159458604,-94.222041,41.834525,False
6143,IA159460006,-94.028008,41.82056,False
6144,IA159460023,-94.0283053,41.8501632,False
6145,IA159460025,-94.028305,41.8526806,False
6146,IA159460250,-94.02319,41.688382,False
6147,IA159463091,-93.969952,41.753744,False
6148,IA159463942,-94.027913,41.755382,False
6149,IA159464535,-93.9890597,41.6128405,False
6150,IA159465693,-94.067432,41.776871,False
6151,IA159465821,-94.222083,41.776544,False
6152,IA159466988,-94.087167,41.8347887,True
6153,IA159467419,-93.9599897,41.6147845,False
6154,IA159467549,-94.106591,41.849396,False
6155,IA159469920,-93.961177,41.688233,False
6156,IA159469983,-94.094459,41.83846,True
6157,IA159471093,-94.067385,41.820455,False
6158,IA159472545,-93.960131,41.64386,False
6159,IA159473924,-94.222004,41.731821,False
6160,IA159473956,-94.106053,41.731923,False
6161,IA159475227,-94.0089358,41.8351465,False
6162,IA159478214,-94.22206,41.688333,False
6163,IA159478280,-94.220515,41.85256,False
6164,IA159480215,-94.270473,41.688348,False
6165,IA159481214,-94.1038158,41.8384838,True
6166,IA159483761,-94.008832,41.849721,False
6167,IA159484581,-94.096885,41.838466,False
6168,IA159486257,-93.921899,41.860666,True
6169,IA159486557,-94.087158,41.83842,False
6170,IA159486602,-94.1065704,41.8385476,True
6171,IA159486610,-94.1072194,41.8384933,True
6172,IA159489010,-94.106351,41.82036,False
6173,IA159489023,-94.086816,41.820299,False
6174,IA159489077,-93.912454,41.820629,False
6175,IA159490110,-94.164121,41.6883937,False
6176,IA159492411,-93.969582,41.688235,False
6177,IA159496571,-94.193065,41.68836,False
6178,IA159496597,-94.105611,41.688396,False
6179,IA159496601,-94.086242,41.688405,False
6180,IA159499714,-94.017516,41.620138,False
6181,IA159507600,-94.017483,41.614385,False
6182,IA159508165,-94.082284,41.845707,False
6183,IA159745675,-94.3671318,41.9719814,False
6184,IA159746430,-94.2036821,42.1070939,False
6185,IA159746473,-94.348899,42.107026,False
6186,IA159746493,-94.281179,42.1064509,False
6187,IA159748505,-94.314492,41.993426,False
6188,IA159751566,-94.314677,41.997018,False
6189,IA159751586,-94.3387408,42.0043536,False
6190,IA159752031,-94.3292867,42.0345203,False
6191,IA159752086,-94.3773894,42.0152612,True
6192,IA159752172,-94.2204504,41.9137013,False
6193,IA159752527,-94.2079443,42.0327589,False
6194,IA159752613,-94.2409327,42.0317373,False
6195,IA159753501,-94.242005,41.9353982,False
6196,IA159753502,-94.2401486,41.9353908,False
6197,IA159753546,-94.367425,41.935383,False
6198,IA159753562,-94.4158338,41.9355289,False
6199,IA159754034,-94.3192999,42.015082,False
6200,IA159754352,-94.229428,42.0362844,True
6201,IA159754808,-94.2031195,41.9383844,False
6202,IA159754842,-94.417129,42.034548,False
6203,IA159754894,-94.41574,41.877639,False
6204,IA159755070,-94.2032376,41.9936002,False
6205,IA159755074,-94.2420155,41.9935453,False
6206,IA159755218,-94.2031213,41.9354561,False
6207,IA159756319,-94.36733,41.8775316,False
6208,IA159756335,-94.367198,41.92095,False
6209,IA159756880,-94.435053,41.8776881,False
6210,IA159757361,-94.2033998,42.0225828,False
6211,IA159757375,-94.280562,42.02242,False
6212,IA159757401,-94.2808644,42.0345978,False
6213,IA159757415,-94.2810207,42.0632189,False
6214,IA159757420,-94.2811407,42.0704279,True
6215,IA159757444,-94.2811827,42.1660311,False
6216,IA159757533,-94.299445,41.946215,False
6217,IA159757681,-94.20352,42.0333914,False
6218,IA159757687,-94.2035385,42.0635845,False
6219,IA159758160,-94.299543,41.91362,False
6220,IA159758440,-94.3487222,42.034595,False
6221,IA159758451,-94.3491488,42.0708226,False
6222,IA159758456,-94.3493875,42.0780828,False
6223,IA159758698,-94.309221,41.8775332,False
6224,IA159758736,-94.454399,41.8776846,False
6225,IA159758753,-94.5516379,41.877684,False
6226,IA159759601,-94.3338838,42.0151378,False
6227,IA159759804,-94.3871143,42.0152595,True
6228,IA159760054,-94.3876033,42.0344902,False
6229,IA159761388,-94.2003418,41.9354632,False
6230,IA159761434,-94.2419292,41.9796994,False
6231,IA159762132,-94.2423926,42.0637298,False
6232,IA159762164,-94.2419262,41.9219787,False
6233,IA159762166,-94.2420055,41.9339179,False
6234,IA159762175,-94.2418763,41.9426188,False
6235,IA159762719,-94.2407687,42.0358518,False
6236,IA159762794,-94.4557162,42.0346444,False
6237,IA159762953,-94.3381014,41.920869,False
6238,IA159763137,-94.308976,41.913643,False
6239,IA159764909,-94.3779927,42.0344475,True
6240,IA159773846,-94.361323,41.691738,True
6241,IA159776813,-94.3672446,41.837932,False
6242,IA159776820,-94.3670253,41.838031,False
6243,IA159811019,-94.37114,41.626944,False
6244,IA159813398,-94.43529,41.776949,False
6245,IA159819903,-94.367543,41.776797,False
6246,IA159819968,-94.3672095,41.838853,False
6247,IA159819984,-94.368167,41.844954,False
6248,IA159821152,-94.453653,41.680599,False
6249,IA159821161,-94.444705,41.680567,False
6250,IA159824947,-94.309397,41.834508,False
6251,IA159824951,-94.309677,41.776692,False
6252,IA159845656,-94.338568,41.633064,False
6253,IA390011883,-93.9111311,41.8132551,False
6254,IA390011890,-93.9114284,41.8130599,False
6255,IA390011958,-93.9128528,41.8206275,False
6256,IA390018056,-93.9218149,41.8358924,False
6257,IA390018066,-93.9308227,41.83529,False
6258,IA390018244,-93.9166365,41.832028,False
6259,IA390019075,-93.9306124,41.8350535,False
6260,IA390019085,-93.9217571,41.8337867,False
6261,IA390019095,-93.9168988,41.8318536,False
6262,IA390020835,-94.0089528,41.8348542,False
6263,IA390021628,-94.0222345,41.8356235,False
6264,IA390021743,-94.0351052,41.835892,False
6265,IA390021837,-94.0351339,41.8356456,False
6266,IA390021880,-94.021556,41.8358005,False
6267,IA390022039,-94.0751327,41.8341194,False
6268,IA390022192,-94.0692908,41.8352187,False
6269,IA390022193,-94.0753631,41.8343176,True
6270,IA390022218,-94.0692383,41.8349504,False
6271,IA390022433,-94.0944013,41.8317258,False
6272,IA390022439,-94.0968472,41.8316939,True
6273,IA390022446,-94.087096,41.8316974,False
6274,IA390023551,-94.0968397,41.831458,False
6275,IA390023555,-94.0943894,41.8314656,False
6276,IA390023558,-94.0870909,41.8314558,False
6277,IA390023790,-94.1065032,41.8304922,False
6278,IA390023810,-94.1132244,41.8314845,False
6279,IA390024060,-94.1064999,41.8302519,False
6280,IA391187941,-94.144791,42.034652,False
6281,IA391187949,-94.1157108,41.950167,False
6282,IA391257646,-94.242153,42.022523,False
6283,IA391257656,-94.2422123,42.0261533,False
6284,IA529194027,-93.9890516,41.612571,False
6285,IA529195629,-94.0050872,41.6145031,False
6286,IA704815166,-93.95999,41.6145287,False
6287,IA1482289501,-94.0872756,41.8492867,False
6288,IA1482289507,-94.0823356,41.8493567,False
6289,IA1690526855,-94.0476902,42.0323716,False
6290,IA4211662751,-94.1060469,41.830497,False
6291,IA4211662782,-94.1065719,41.8384333,False
6292,IA4211662784,-94.0871024,41.8320305,True
6293,IA4211662788,-94.1064941,41.8299539,False
6294,IA4211662895,-94.1069374,41.8304927,False
6295,IA4211662916,-94.0867564,41.8317038,False
6296,IA4211662927,-94.1069321,41.8302545,False
6297,IA4211662935,-94.1065102,41.8308493,False
6298,IA4211662940,-94.1061274,41.8302485,False
6299,IA4211662964,-94.0875639,41.8316998,False
6300,IA7633962590,-93.9751661,41.614701,False
6301,IA7633962591,-93.9751491,41.6144569,False
6302,IA8381457719,-93.9890351,41.6109533,False
6303,IA9315999432,-93.9599875,41.6150231,False
6304,IA9315999434,-93.9603873,41.6147817,False
6305,IA9871168220,-94.0228441,41.6883788,False
6306,IA9871168223,-94.0231638,41.6881216,False
6307,IA9871168226,-94.0235938,41.6883861,False
6308,IA9871168229,-94.0232282,41.6886545,False
6309,IA9919431593,-94.0697225,41.8352206,False
6310,IA12442818970,-93.9108295,41.6293398,False
6311,IA159029938,-94.0040004,42.1520066,False
6312,IA159075354,-93.9649735,42.1303385,False
6313,IA159083135,-94.004121,42.107245,False
6314,IA159083163,-94.0033853,42.1374346,False
6315,IA159087967,-93.95071,42.063914,False
6316,IA159088099,-93.9222571,42.0672873,False
6317,IA159093218,-93.9789079,42.1661971,False
6318,IA159093815,-94.02832,42.078305,False
6319,IA159093864,-94.1058701,42.0780928,False
6320,IA159093904,-94.1447987,42.0781929,False
6321,IA159097923,-94.1060014,42.1071169,False
6322,IA159097941,-94.1057544,42.1373719,False
6323,IA159100815,-94.028058,42.107179,False
6324,IA159100854,-94.027802,42.137594,False
6325,IA159111916,-93.922236,42.0679565,False
6326,IA159112143,-93.994189,42.063637,False
6327,IA159117832,-93.9690174,42.1204868,False
6328,IA159123394,-94.144568,42.107216,False
6329,IA159124206,-93.970357,42.107208,False
6330,IA159195908,-94.417106,42.223679,False
6331,IA159195953,-94.41711,42.267026,False
6332,IA159196080,-94.416859,42.339716,False
6333,IA159196170,-94.416739,42.398246,False
6334,IA159205172,-94.553208,42.398701,False
6335,IA159208787,-94.455852,42.398442,False
6336,IA159212740,-94.436261,42.398365,False
6337,IA159213292,-94.495,42.398467,False
6338,IA159216850,-94.403921,42.267071,False
6339,IA159218144,-94.403878,42.281493,False
6340,IA159746435,-94.1842594,42.1070348,False
6341,IA159746458,-94.37823,42.1070577,False
6342,IA159746478,-94.3200147,42.106903,True
6343,IA159752403,-94.4166268,42.1228352,False
6344,IA159752418,-94.3779533,42.1228,False
6345,IA159753738,-94.1842529,42.1371955,False
6346,IA159754051,-94.3200156,42.0706944,False
6347,IA159754301,-94.2426116,42.1072996,False
6348,IA159754674,-94.3785092,42.1947257,False
6349,IA159754856,-94.4174154,42.0781755,False
6350,IA159758245,-94.378595,42.0780995,False
6351,IA159758270,-94.3781033,42.1491388,False
6352,IA159758287,-94.378194,42.165959,False
6353,IA159760709,-94.1843861,42.1661609,False
6354,IA159760712,-94.2428777,42.1662498,False
6355,IA159760795,-94.3006417,42.1661425,False
6356,IA159791469,-93.9231028,42.2677827,False
6357,IA159791472,-93.9319602,42.2678159,False
6358,IA159801945,-93.9316501,42.2230886,False
6359,IA161279884,-93.9906909,42.4683294,False
6360,IA161280643,-94.281071,42.267827,False
6361,IA161291904,-94.184181,42.436654,False
6362,IA161293119,-94.124613,42.449711,False
6363,IA161296695,-94.1391097,42.4468349,False
6364,IA161296697,-94.1392308,42.4470747,False
6365,IA161296852,-94.1842816,42.4439927,False
6366,IA161296875,-94.1910959,42.4458694,False
6367,IA161296983,-94.1840696,42.4462088,False
6368,IA161297001,-94.176309,42.445215,False
6369,IA161299180,-94.1843009,42.2696082,False
6370,IA161302476,-94.1323209,42.4313535,True
6371,IA161320900,-94.202685,42.469657,False
6372,IA161320901,-94.202525,42.46979,False
6373,IA161322118,-94.184388,42.448819,False
6374,IA161322119,-94.184154,42.448812,False
6375,IA161329075,-94.1842812,42.4462241,False
6376,IA161329080,-94.1908046,42.4460784,False
6377,IA161329707,-94.1840579,42.4440402,False
6378,IA161329723,-94.176314,42.444968,False
6379,IA161329882,-94.087238,42.375868,False
6380,IA161329888,-94.087264,42.37766,False
6381,IA161330299,-94.124531,42.449827,False
6382,IA161332423,-94.117095,42.450388,False
6383,IA161332434,-94.122907,42.45221,False
6384,IA161332453,-94.1291945,42.4498657,False
6385,IA161345158,-93.9334736,42.2243763,False
6386,IA161349134,-94.1060379,42.2659237,False
6387,IA161352335,-94.028628,42.224424,False
6388,IA161352364,-94.028444,42.246036,False
6389,IA161353898,-94.010527,42.425708,False
6390,IA161353987,-94.03979,42.433497,False
6391,IA161354082,-94.3785,42.427097,False
6392,IA161354248,-94.300352,42.427033,False
6393,IA161354294,-94.22323,42.427181,False
6394,IA161354339,-94.184116,42.427162,False
6395,IA161354520,-94.068469,42.261514,False
6396,IA161355506,-94.378346,42.405012,False
6397,IA161355596,-94.300426,42.44081,False
6398,IA161355727,-94.2794894,42.4520774,False
6399,IA161355785,-94.223267,42.4489,False
6400,IA161356016,-94.091879,42.449414,False
6401,IA161356045,-94.010334,42.449,False
6402,IA161356054,-93.9908109,42.4490186,False
6403,IA161356383,-94.091878,42.449668,False
6404,IA161356422,-94.010328,42.449241,False
6405,IA161356428,-93.9908025,42.4492566,False
6406,IA161358781,-94.087249,42.368484,False
6407,IA161359488,-94.290862,42.456084,False
6408,IA161359859,-94.067075,42.248344,False
6409,IA161359929,-93.964018,42.253149,False
6410,IA161359960,-93.961038,42.255486,False
6411,IA161361775,-94.048055,42.31071,False
6412,IA161361803,-94.066353,42.310033,False
6413,IA161361865,-94.1064554,42.3106261,False
6414,IA161361925,-94.183842,42.31082,False
6415,IA161363331,-94.378686,42.223516,False
6416,IA161363396,-94.300785,42.224169,False
6417,IA161363449,-94.242568,42.224361,False
6418,IA161363497,-94.184078,42.224435,False
6419,IA161363565,-94.106149,42.224476,False
6420,IA161363582,-94.067117,42.224506,False
6421,IA161364120,-94.3003047,42.2963005,False
6422,IA161364143,-94.300755,42.339917,False
6423,IA161364336,-94.300792,42.267894,False
6424,IA161364741,-94.37904,42.267068,False
6425,IA161364758,-94.378954,42.281674,False
6426,IA161364829,-94.378661,42.340081,False
6427,IA161364927,-94.378875,42.456004,False
6428,IA161365624,-94.295249,42.361705,False
6429,IA161366193,-94.242752,42.26792,False
6430,IA161366306,-94.1843054,42.267858,False
6431,IA161366366,-94.1088556,42.267865,False
6432,IA161366368,-94.106031,42.2678561,False
6433,IA161366667,-94.0518931,42.360039,False
6434,IA161367384,-94.18401,42.368643,False
6435,IA161368591,-94.130926,42.419882,False
6436,IA161368725,-94.125176,42.448908,False
6437,IA161369043,-94.145544,42.368142,False
6438,IA161369105,-94.145532,42.419913,False
6439,IA161369989,-94.067406,42.267749,False
6440,IA161371804,-93.931658,42.224389,False
6441,IA161375868,-93.971328,42.441889,False
6442,IA161377569,-94.010278,42.45625,False
6443,IA161379416,-93.9712079,42.3983466,False
6444,IA161379452,-94.067035,42.398165,False
6445,IA161379467,-94.039734,42.398291,False
6446,IA161379476,-94.010451,42.398338,False
6447,IA161388655,-94.223076,42.36881,False
6448,IA161391359,-93.961012,42.253159,False
6449,IA161392165,-94.2863314,42.456133,False
6450,IA161392298,-94.091988,42.45592,False
6451,IA161395118,-94.010174,42.368702,False
6452,IA161395184,-93.971115,42.3685311,False
6453,IA161395608,-94.107747,42.368686,False
6454,IA161402655,-94.091851,42.448801,False
6455,IA389160576,-94.2232709,42.4491635,False
6456,IA391188225,-94.1060604,42.1663819,False
6457,IA391188443,-94.008684,42.166353,False
6458,IA391188472,-94.027839,42.152053,False
6459,IA391188480,-94.028046,42.166585,False
6460,IA391207888,-94.0466642,42.3682045,False
6461,IA391207900,-94.181903,42.267839,False
6462,IA391207931,-94.300668,42.282525,False
6463,IA391207957,-94.280984,42.282026,True
6464,IA391208457,-94.07416,42.267939,False
6465,IA391270583,-94.1253401,42.4506065,False
6466,IA391270593,-94.1173765,42.4501681,False
6467,IA1030183770,-94.2936673,42.4517117,False
6468,IA1030183931,-94.4559106,42.447625,False
6469,IA1030183934,-94.378788,42.449639,False
6470,IA1030183966,-94.4559272,42.4472862,False
6471,IA1030183971,-94.2927921,42.4520782,False
6472,IA1030183978,-94.2789484,42.4522577,False
6473,IA1030209577,-94.2866375,42.4510088,False
6474,IA1030209587,-94.2864441,42.4540424,False
6475,IA1709541178,-94.378788,42.4492966,False
6476,IA3693997589,-94.3306833,42.4269255,False
6477,IA9080666454,-94.2860037,42.4561337,False
6478,IA9080666457,-94.2863445,42.4558005,False
6479,IA9339054026,-94.1393204,42.447242,False
6480,IA9339054028,-94.1394416,42.4470163,False
6481,IA9339054029,-94.1390187,42.4466594,False
6482,IA9339054031,-94.138892,42.4468942,False
6483,IA9989303132,-94.1839309,42.2678543,False
6484,IA9989303135,-94.1843109,42.2675857,False
6485,IA9989303138,-94.184757,42.2678591,False
6486,IA9989303141,-94.1843099,42.2681921,False
6487,IA10039851371,-94.0882202,42.449606,False
6488,IA10039851373,-94.0883677,42.4493499,False
6489,IA10039851383,-94.0916159,42.4496636,False
6490,IA10039851384,-94.0921471,42.4494187,False
6491,IA10039851385,-94.0957894,42.4494826,False
6492,IA10039851386,-94.0956766,42.4497281,True
6493,IA10044932061,-94.1051216,42.2678572,False
6494,IA10044932065,-94.1060228,42.2672225,False
6495,IA158880501,-94.738339,40.928979,False
6496,IA158881104,-94.7573322,41.0864181,False
6497,IA158881518,-94.604011,41.0860007,False
6498,IA158881615,-94.680213,41.0861,False
6499,IA158882212,-94.566052,41.143679,False
6500,IA158882275,-94.500728,41.147218,False
6501,IA158886373,-94.7325427,40.9796548,False
6502,IA158886396,-94.7309917,40.9783622,False
6503,IA158891774,-94.731754,40.9821285,True
6504,IA158891782,-94.7321323,40.9819515,False
6505,IA158912030,-94.833846,40.925949,False
6506,IA158914915,-94.60406,41.043182,False
6507,IA158914918,-94.603841,41.04319,False
6508,IA158915199,-94.565833,40.942731,False
6509,IA158915280,-94.565663,40.978873,False
6510,IA158917168,-94.470467,40.942733,False
6511,IA158917930,-94.604227,41.12932,False
6512,IA158918024,-94.60794,41.028308,True
6513,IA158918162,-94.604562,40.979227,False
6514,IA158918299,-94.7318927,40.9880569,True
6515,IA158918316,-94.731978,40.99651,True
6516,IA158918382,-94.7570234,41.0402552,False
6517,IA158918480,-94.7574722,41.122551,False
6518,IA158918766,-94.700682,41.040263,False
6519,IA158924372,-94.7327569,40.9786955,False
6520,IA158924377,-94.7328901,40.9787243,False
6521,IA158924482,-94.804735,40.980025,False
6522,IA158925783,-94.733066,40.977329,False
6523,IA158925803,-94.7328085,40.9784308,False
6524,IA158926464,-94.80447,41.000865,False
6525,IA158929947,-94.666236,41.122212,False
6526,IA158930354,-94.704946,41.02954,False
6527,IA158933677,-94.8338542,40.9223347,False
6528,IA160862542,-94.471132,40.884854,False
6529,IA160894132,-94.471647,40.855962,False
6530,IA161089767,-94.8008853,40.8278433,False
6531,IA161089779,-94.800054,40.8271701,False
6532,IA161089879,-94.7999703,40.8278179,False
6533,IA161090427,-94.471632,40.798152,False
6534,IA161090614,-94.566205,40.798741,False
6535,IA161098634,-94.737634,40.755529,False
6536,IA161120983,-94.73797,40.755526,False
6537,IA161120990,-94.737999,40.758048,False
6538,IA161121851,-94.4716661,40.8125611,False
6539,IA161123777,-94.738002,40.758361,False
6540,IA161123860,-94.738397,40.8253639,False
6541,IA161123910,-94.738234,40.856622,False
6542,IA161123950,-94.738208,40.885455,False
6543,IA161124326,-94.833717,40.856911,False
6544,IA161124358,-94.8339605,40.8858776,False
6545,IA161124524,-94.565257,40.885552,True
6546,IA161128726,-94.738384,40.758135,False
6547,IA161132161,-94.641949,40.755914,False
6548,IA161132456,-94.67131,40.756481,False
6549,IA161132895,-94.565775,40.856577,False
6550,IA161134139,-94.744925,40.757602,False
6551,IA161137016,-94.470779,40.899502,False
6552,IA161138223,-94.757104,40.770087,False
6553,IA161140664,-94.619155,40.749334,False
6554,IA161145660,-94.794957,40.741491,False
6555,IA161207941,-94.470498,40.978804,False
6556,IA161211233,-94.413967,41.085848,False
6557,IA161216582,-94.464793,41.046324,False
6558,IA161235752,-94.461022,41.057662,False
6559,IA1034639282,-94.7323533,40.9808401,False
6560,IA4714142500,-94.7328083,40.9791316,False
6561,IA6386215242,-94.7335133,40.9788343,True
6562,IA6386215247,-94.7323513,40.9786189,False
6563,IA10021864959,-94.7379729,40.7557581,False
6564,IA10021864961,-94.6420532,40.7563291,False
6565,IA10021864968,-94.6425868,40.755918,False
6566,IA158870842,-94.453268,41.305119,False
6567,IA158871011,-94.4527145,41.403175,False
6568,IA158871415,-94.6434822,41.4942699,True
6569,IA158871425,-94.643466,41.4977841,True
6570,IA158871442,-94.6434404,41.5033284,False
6571,IA158872136,-94.519815,41.494797,False
6572,IA158872139,-94.519419,41.495049,False
6573,IA158872150,-94.5158659,41.4960659,False
6574,IA158872445,-94.661442,41.493267,False
6575,IA158872469,-94.6617021,41.4956051,False
6576,IA158872498,-94.656558,41.493266,False
6577,IA158873095,-94.5247675,41.4963118,False
6578,IA158873107,-94.520601,41.496918,False
6579,IA158873111,-94.5200577,41.4969047,False
6580,IA158876433,-94.662589,41.491753,False
6581,IA158876476,-94.661494,41.493061,False
6582,IA158879615,-94.4525756,41.4947901,False
6583,IA158879690,-94.4525659,41.4940464,False
6584,IA158880654,-94.639157,41.493292,False
6585,IA158881905,-94.640292,41.49307,False
6586,IA158881914,-94.643517,41.492166,False
6587,IA158881919,-94.6472748,41.4930682,False
6588,IA158889282,-94.453268,41.302717,False
6589,IA158889617,-94.4525834,41.4966399,False
6590,IA158901319,-94.414246,41.498264,False
6591,IA158904929,-94.41424,41.49816,False
6592,IA158907750,-94.6625902,41.4916932,False
6593,IA158907791,-94.657789,41.493058,False
6594,IA158907882,-94.5769321,41.4968588,False
6595,IA158907887,-94.5746398,41.4971172,False
6596,IA158907909,-94.5700206,41.4970148,False
6597,IA158907914,-94.5680326,41.4968999,False
6598,IA158908756,-94.414201,41.493833,False
6599,IA158909264,-94.414207,41.493714,False
6600,IA158915082,-94.524664,41.496095,False
6601,IA158915120,-94.520192,41.494993,False
6602,IA158915152,-94.5200759,41.4970249,False
6603,IA158915161,-94.519707,41.496796,False
6604,IA158915176,-94.5170603,41.4962769,False
6605,IA158915240,-94.564261,41.496693,False
6606,IA158915275,-94.5565636,41.4966337,False
6607,IA158916897,-94.5201288,41.4974806,False
6608,IA158916914,-94.5200124,41.4966263,False
6609,IA158916984,-94.5198394,41.4951484,False
6610,IA158917970,-94.647311,41.493292,False
6611,IA158919356,-94.509336,41.417312,False
6612,IA158919456,-94.566933,41.417306,False
6613,IA158919498,-94.605083,41.417383,False
6614,IA158919569,-94.643401,41.417409,False
6615,IA158919672,-94.681886,41.417541,False
6616,IA158920021,-94.566115,41.289643,False
6617,IA158920057,-94.4167241,41.2011813,True
6618,IA158921111,-94.508678,41.301938,False
6619,IA158921729,-94.509421,41.460591,False
6620,IA158924553,-94.4146788,41.2011491,False
6621,IA158925308,-94.605125,41.489588,False
6622,IA158927804,-94.462504,41.303181,True
6623,IA158931807,-94.603305,41.279419,False
6624,IA158932181,-94.60503,41.446297,False
6625,IA158932220,-94.605036,41.460738,False
6626,IA158934726,-94.453062,41.280044,False
6627,IA158942359,-94.80221,41.674134,False
6628,IA158944288,-94.449204,41.20111,False
6629,IA158944338,-94.489534,41.200927,False
6630,IA158944399,-94.719772,41.51859,False
6631,IA158944467,-94.757959,41.518677,False
6632,IA158944478,-94.566321,41.201224,False
6633,IA158944542,-94.801222,41.518739,False
6634,IA158944664,-94.661312,41.201204,False
6635,IA158945097,-94.802056,41.7912045,False
6636,IA158946294,-94.796586,41.5715951,False
6637,IA158946332,-94.547727,41.446262,False
6638,IA158946388,-94.566926,41.44627,False
6639,IA158946504,-94.719871,41.576389,False
6640,IA158946573,-94.643348,41.446249,False
6641,IA158946665,-94.681702,41.446354,False
6642,IA158948616,-94.453197,41.30322,False
6643,IA158948617,-94.453326,41.303219,False
6644,IA158948689,-94.643363,41.460657,False
6645,IA158948722,-94.567013,41.460727,False
6646,IA158948859,-94.4523981,41.460421,False
6647,IA158949085,-94.66857,41.2585091,False
6648,IA158950424,-94.6807251,41.2586341,False
6649,IA158950497,-94.6425881,41.2588252,False
6650,IA158956984,-94.453268,41.303761,False
6651,IA158982039,-94.8259278,41.5906922,False
6652,IA158983469,-94.720192,41.602156,False
6653,IA158997247,-94.802113,41.702821,False
6654,IA159004371,-94.801976,41.616402,False
6655,IA159005715,-94.8020255,41.731747,False
6656,IA159199753,-94.758223,41.48247,False
6657,IA159206025,-94.758207,41.495412,False
6658,IA159206046,-94.754017,41.496761,False
6659,IA159240722,-94.76242,41.497175,False
6660,IA159240744,-94.7581746,41.4989971,False
6661,IA159240755,-94.754044,41.496984,False
6662,IA159244432,-94.758212,41.494981,False
6663,IA159244452,-94.762767,41.496925,False
6664,IA159244782,-94.759441,41.447999,True
6665,IA159245885,-94.763632,41.443753,False
6666,IA159248524,-94.758019,41.251122,False
6667,IA159250277,-94.834649,41.461105,False
6668,IA159253033,-94.7689042,41.2518197,False
6669,IA159254122,-94.8349863,41.4900012,False
6670,IA159254745,-94.777246,41.482573,False
6671,IA159254979,-94.7961758,41.2512172,False
6672,IA159255500,-94.719926,41.461945,False
6673,IA159255532,-94.719884,41.482502,False
6674,IA159257451,-94.7689518,41.2583644,False
6675,IA159259285,-94.795771,41.201658,False
6676,IA159259348,-94.7962012,41.2583352,False
6677,IA159261443,-94.764881,41.445129,False
6678,IA159266015,-94.834695,41.302304,False
6679,IA159266079,-94.834402,41.345633,False
6680,IA159266107,-94.834301,41.367434,False
6681,IA159266193,-94.8345311,41.4203531,False
6682,IA159269110,-94.7450123,41.374491,False
6683,IA159269126,-94.758157,41.374541,False
6684,IA159270672,-94.7579709,41.258393,False
6685,IA159271582,-94.777261,41.4609242,False
6686,IA159271693,-94.7660197,41.4445383,True
6687,IA159272582,-94.757552,41.201516,False
6688,IA159274007,-94.757525,41.309223,False
6689,IA159274095,-94.79679,41.30239,False
6690,IA159279229,-94.758246,41.417621,False
6691,IA159802908,-94.4868133,41.5182835,False
6692,IA159802949,-94.490287,41.5174006,False
6693,IA159803081,-94.417139,41.564566,False
6694,IA159810255,-94.5192732,41.505089,False
6695,IA159811325,-94.493527,41.628655,False
6696,IA159811695,-94.4047156,41.5544272,False
6697,IA159815380,-94.567189,41.518337,False
6698,IA159815466,-94.567313,41.561488,False
6699,IA159819240,-94.64356,41.561813,False
6700,IA159819579,-94.490561,41.561829,False
6701,IA159828308,-94.492336,41.616186,False
6702,IA159828408,-94.490574,41.569016,False
6703,IA159828465,-94.4902996,41.5182841,False
6704,IA159828869,-94.4528699,41.5182494,False
6705,IA159829433,-94.648445,41.616828,False
6706,IA159837259,-94.4142,41.518197,True
6707,IA159837380,-94.642809,41.516847,False
6708,IA159843553,-94.417452,41.561616,False
6709,IA391235962,-94.666445,41.243431,True
6710,IA417023186,-94.6616351,41.4956622,False
6711,IA1938659908,-94.7964007,41.5660814,True
6712,IA6014499247,-94.6338936,41.446258,False
6713,IA9450799088,-94.5092197,41.4031884,False
6714,IA158945141,-94.8406345,41.7913292,False
6715,IA158945401,-94.822096,41.849119,False
6716,IA158945791,-94.763897,41.848946,False
6717,IA158989983,-94.763548,41.703072,False
6718,IA158997891,-94.84059,41.731611,False
6719,IA159002638,-94.821942,41.8346845,False
6720,IA159170688,-94.8221544,41.9134011,False
6721,IA159170738,-94.8228321,41.9060363,False
6722,IA159170742,-94.822143,41.9055055,False
6723,IA159180177,-94.6292202,41.993651,False
6724,IA159180202,-94.725869,41.9935154,False
6725,IA159180255,-94.8222152,41.9932503,False
6726,IA159180904,-94.822779,41.950081,False
6727,IA159180952,-94.726082,41.950172,False
6728,IA159180961,-94.6873766,41.9502191,False
6729,IA159180964,-94.629481,41.950388,False
6730,IA159182135,-94.6775324,41.8656907,True
6731,IA159182541,-94.6917697,41.8727795,False
6732,IA159182906,-94.8221397,41.9060403,False
6733,IA159182988,-94.8413195,41.877154,False
6734,IA159182994,-94.8222439,41.8771457,False
6735,IA159183007,-94.7839992,41.8775195,False
6736,IA159183028,-94.629021,41.877352,True
6737,IA159183787,-94.686473,41.869775,False
6738,IA159184839,-94.783478,41.862913,False
6739,IA159186561,-94.6291088,42.0490522,False
6740,IA159187541,-94.8461944,41.9059706,False
6741,IA159187698,-94.8227865,42.0496123,False
6742,IA159187936,-94.7645344,41.9168527,False
6743,IA159191681,-94.8220673,41.8970332,False
6744,IA159192583,-94.7642088,41.8771141,False
6745,IA159192814,-94.6294413,41.9350982,False
6746,IA159193673,-94.6290423,42.0532774,False
6747,IA159194239,-94.8341593,41.9052819,False
6748,IA159753569,-94.4541466,41.9354283,False
6749,IA159753591,-94.55151,41.935535,False
6750,IA159754515,-94.5419045,42.0083408,False
6751,IA159755027,-94.5514224,41.9939023,False
6752,IA159755837,-94.5515877,42.0083346,False
6753,IA159755865,-94.4549177,42.0082059,False
6754,IA159757133,-94.5453436,42.0227545,False
6755,IA159758588,-94.4563035,42.0780225,False
6756,IA159759682,-94.5420742,42.034598,False
6757,IA159761073,-94.5518295,42.0346525,False
6758,IA159762578,-94.5515964,42.0227615,False
6759,IA159762841,-94.6238967,42.0490706,False
6760,IA159802754,-94.502354,41.673541,False
6761,IA159805815,-94.570486,41.67394,False
6762,IA159808620,-94.647731,41.672697,False
6763,IA159809681,-94.685852,41.791048,False
6764,IA159810826,-94.50684,41.677124,False
6765,IA159811156,-94.434974,41.630646,False
6766,IA159811604,-94.45394,41.687911,False
6767,IA159812991,-94.570292,41.702625,False
6768,IA159813316,-94.435046,41.637849,False
6769,IA159814108,-94.647711,41.731922,False
6770,IA159814175,-94.638129,41.753465,False
6771,IA159814177,-94.638127,41.754201,False
6772,IA159815963,-94.493038,41.780934,True
6773,IA159817063,-94.54764,41.669472,False
6774,IA159817216,-94.618395,41.673406,False
6775,IA159817413,-94.725194,41.674829,False
6776,IA159818459,-94.724851,41.732088,False
6777,IA159818653,-94.720873,41.791023,False
6778,IA159818682,-94.708112,41.791053,True
6779,IA159820436,-94.558018,41.848733,True
6780,IA159820446,-94.558012,41.852583,False
6781,IA159820978,-94.502389,41.677244,False
6782,IA159823712,-94.531741,41.695367,False
6783,IA159824703,-94.517236,41.623438,False
6784,IA159825210,-94.561357,41.848774,False
6785,IA159825226,-94.53667,41.731637,False
6786,IA159825230,-94.560704,41.746224,False
6787,IA159825397,-94.57023,41.700379,False
6788,IA159825430,-94.57046,41.731472,False
6789,IA159826607,-94.637127,41.753464,False
6790,IA159828490,-94.49287,41.84905,False
6791,IA159833107,-94.549129,41.626305,False
6792,IA159836470,-94.541742,41.79079,False
6793,IA159836502,-94.5610231,41.791028,False
6794,IA159836648,-94.638794,41.791043,False
6795,IA159836656,-94.6466276,41.791081,False
6796,IA159842017,-94.604033,41.731754,False
6797,IA159856975,-94.628531,41.848624,False
6798,IA159859414,-94.642955,41.848569,False
6799,IA391253900,-94.512583,41.67472,False
6800,IA391254388,-94.551311,41.848754,False
6801,IA391254406,-94.435089,41.849219,True
6802,IA4217646527,-94.6857646,41.869363,False
6803,IA4217646532,-94.6856272,41.8697709,False
6804,IA9721544215,-94.8496614,41.7912954,False
6805,IA159145577,-94.610199,42.223998,False
6806,IA159145650,-94.61009,42.267238,False
6807,IA159147355,-94.63026,42.427838,False
6808,IA159147402,-94.6303256,42.449926,False
6809,IA159147675,-94.629561,42.339523,False
6810,IA159147995,-94.532805,42.267261,False
6811,IA159148050,-94.552325,42.267094,False
6812,IA159148076,-94.571084,42.267255,False
6813,IA159169180,-94.6484135,42.0636659,False
6814,IA159169266,-94.6482573,42.1178408,False
6815,IA159169291,-94.648497,42.166247,False
6816,IA159169295,-94.648511,42.195247,False
6817,IA159172041,-94.8369809,42.0360444,True
6818,IA159181473,-94.7837553,42.1377121,False
6819,IA159181487,-94.7837902,42.1666519,False
6820,IA159181526,-94.7839035,42.0639024,False
6821,IA159181532,-94.7839452,42.07834,False
6822,IA159182140,-94.7835981,42.1232633,True
6823,IA159182263,-94.8467288,42.0642493,True
6824,IA159183278,-94.6873836,42.1853458,False
6825,IA159183667,-94.8032254,42.1666146,False
6826,IA159183673,-94.8033594,42.1956265,False
6827,IA159183972,-94.8422992,42.0643223,False
6828,IA159185415,-94.8417759,42.1232614,False
6829,IA159185459,-94.7257557,42.1230515,False
6830,IA159185714,-94.7260845,42.0641225,True
6831,IA159185728,-94.7258077,42.1075382,False
6832,IA159185775,-94.726,42.166543,True
6833,IA159185795,-94.7246964,42.1810665,False
6834,IA159186224,-94.6873202,42.1665241,False
6835,IA159186461,-94.8426375,42.0786892,False
6836,IA159187484,-94.7264421,42.1953967,False
6837,IA159187703,-94.8372865,42.04977,False
6838,IA159189435,-94.687228,42.0638778,False
6839,IA159189485,-94.8229322,42.0641623,False
6840,IA159189991,-94.8419884,42.1377946,False
6841,IA159190021,-94.726516,42.26738,False
6842,IA159190034,-94.731371,42.267365,True
6843,IA159190244,-94.726163,42.2239017,False
6844,IA159190441,-94.72712,42.310465,False
6845,IA159190489,-94.727344,42.33952,False
6846,IA159190580,-94.728021,42.398829,False
6847,IA159190644,-94.72826,42.42786,False
6848,IA159191201,-94.8422097,42.0930335,False
6849,IA159191329,-94.6874249,42.1954947,False
6850,IA159191368,-94.68691,42.10732,False
6851,IA159191621,-94.79368,42.260596,False
6852,IA159191671,-94.760485,42.260364,False
6853,IA159191852,-94.7460066,42.2672992,False
6854,IA159192103,-94.541978,42.223749,False
6855,IA159193024,-94.764881,42.310514,False
6856,IA159193697,-94.629041,42.097138,True
6857,IA159193905,-94.553079,42.36831,False
6858,IA159193934,-94.4948836,42.3685724,False
6859,IA159194711,-94.687234,42.2239772,False
6860,IA159194780,-94.687483,42.267394,False
6861,IA159196045,-94.416925,42.310657,False
6862,IA159196049,-94.7547034,42.1953138,False
6863,IA159196128,-94.416748,42.375895,False
6864,IA159196482,-94.6301053,42.3988368,True
6865,IA159197161,-94.648347,42.2240708,False
6866,IA159197199,-94.57127,42.223862,False
6867,IA159197244,-94.532371,42.223771,False
6868,IA159197323,-94.4751469,42.2237015,False
6869,IA159197513,-94.455812,42.427331,False
6870,IA159197531,-94.495007,42.427436,False
6871,IA159197557,-94.553407,42.427722,False
6872,IA159197639,-94.669433,42.427836,False
6873,IA159197802,-94.805481,42.428122,False
6874,IA159198156,-94.6300647,42.3914989,False
6875,IA159199766,-94.648522,42.267401,False
6876,IA159199839,-94.649032,42.310617,False
6877,IA159199891,-94.649177,42.339628,False
6878,IA159201406,-94.455788,42.456378,False
6879,IA159203240,-94.4752734,42.2669451,False
6880,IA159205067,-94.552405,42.310625,False
6881,IA159205130,-94.552842,42.339492,False
6882,IA159206004,-94.494832,42.310761,False
6883,IA159206376,-94.803968,42.3105449,False
6884,IA159206703,-94.805401,42.413502,False
6885,IA159210029,-94.430297,42.375774,True
6886,IA159210461,-94.80452,42.33947,False
6887,IA159213434,-94.669333,42.3987718,False
6888,IA159216884,-94.494848,42.267058,False
6889,IA159752339,-94.5712379,42.1228433,False
6890,IA159752382,-94.4746408,42.1229652,False
6891,IA159753183,-94.4757237,42.0778175,False
6892,IA159753225,-94.4749686,42.1950854,False
6893,IA159754204,-94.4747319,42.151732,True
6894,IA159754731,-94.5420833,42.1950115,False
6895,IA159754739,-94.5712792,42.1951267,False
6896,IA159754745,-94.6100753,42.1951484,False
6897,IA159760123,-94.610189,42.166172,False
6898,IA159760346,-94.571266,42.151704,False
6899,IA159760813,-94.571299,42.166228,False
6900,IA159762438,-94.5714199,42.0491546,False
6901,IA159762451,-94.5717715,42.0854163,False
6902,IA391259886,-94.8473455,42.3180443,False
6903,IA391259979,-94.649684,42.391465,False
6904,IA391259983,-94.6497726,42.3987851,False
6905,IA391260011,-94.494711,42.339683,False
6906,IA1030183777,-94.5533102,42.4494442,False
6907,IA1030183881,-94.5533333,42.4497264,False
6908,IA1030199673,-94.6616151,42.4499758,False
6909,IA1030199683,-94.6756131,42.4499882,False
6910,IA1030199695,-94.6630507,42.4497185,False
6911,IA1030199696,-94.6303266,42.4496627,False
6912,IA1030199698,-94.669411,42.4508769,False
6913,IA1030199699,-94.6694192,42.4488559,False
6914,IA1299183508,-94.8057668,42.4495995,False
6915,IA1299183512,-94.8057699,42.4493373,False
6916,IA1299183523,-94.7282549,42.4489938,False
6917,IA1299183525,-94.8449441,42.4495275,False
6918,IA1299183530,-94.8449469,42.4498041,False
6919,IA1299183532,-94.7282456,42.4492527,False
6920,IA1299183541,-94.6759888,42.4497107,False
6921,IA1748295262,-94.4747395,42.1521771,False
6922,IA1748295268,-94.4741419,42.151736,False
6923,IA9890062506,-94.6696747,42.3987701,False
6924,IA9890062509,-94.6693349,42.3990301,False
6925,IA9890062510,-94.6493625,42.3987862,True
6926,IA9890062513,-94.6497686,42.3984538,False
